customer_id,customer_name,country,signup_date
C00001,Laura Cox,United Kingdom,2025-05-11
C00002,Diane Newman,United Kingdom,2024-07-09
C00003,Abdul Hopkins-Oliver,United Kingdom,2025-06-09
C00004,Gillian Barnes,United Kingdom,2024-01-24
C00005,Heather Ryan,Ireland,2025-04-12
C00006,Abdul Burton-Patterson,United Kingdom,2025-05-19
C00007,Mr Jason Harrison,France,2024-08-04
C00008,Ann Stevens-Miller,United Kingdom,2024-09-21
C00009,Janice Glover,United Kingdom,2024-03-20
C00010,Miss Gemma Elliott,United Kingdom,2025-10-20
C00011,Paige Ferguson,United Kingdom,2025-02-20
C00012,Dr Gerard Lucas,United Kingdom,2024-08-15
C00013,Joyce Wilson,United Kingdom,2024-02-24
C00014,Megan Taylor,United Kingdom,2024-08-12
C00015,Carole Woods-Hargreaves,United Kingdom,2024-10-22
C00016,Ms Hollie Phillips,United Kingdom,2024-10-14
C00017,Brandon Hammond,United Kingdom,2025-12-28
C00018,Brenda Briggs,United Kingdom,2025-05-08
C00019,Karl Dixon,Germany,2024-05-06
C00020,Leigh Randall,United Kingdom,2025-12-19
C00021,Mrs Pauline Fuller,Germany,2025-06-15
C00022,Dr Wendy Collins,United Kingdom,2025-09-17
C00023,Charles Kelly,United Kingdom,2025-12-10
C00024,Dr Rachel Pritchard,United Kingdom,2025-01-22
C00025,Leonard Powell-Morris,Netherlands,2024-07-10
C00026,Marc Evans,United Kingdom,2024-11-28
C00027,Louis Green,United Kingdom,2024-04-17
C00028,Mr Martin Johnson,United Kingdom,2024-02-06
C00029,Phillip Anderson,Germany,2025-09-07
C00030,Dr Jasmine Smith,Unknown,2024-10-25
C00031,Mr Maurice Atkinson,Germany,2025-03-05
C00032,Aaron Read,Ireland,2025-06-13
C00033,Stephanie Williams,United Kingdom,2024-09-21
C00034,Holly Page,Netherlands,2024-12-18
C00035,Tina Walker,United Kingdom,2025-08-14
C00036,Kieran Gray,United Kingdom,2025-11-07
C00037,Nigel Gould,Germany,2025-01-29
C00038,Kayleigh Watson,United Kingdom,2025-08-15
C00039,David Anderson,France,2025-12-17
C00040,Victoria Murray,United Kingdom,2025-01-14
C00041,Dr Trevor Tomlinson,Ireland,2025-11-13
C00042,Simon Cunningham,United Kingdom,2025-11-12
C00043,Mr Vincent Miller,United Kingdom,2025-01-12
C00044,Frank May,United Kingdom,2024-04-09
C00045,Jasmine Carr-Davison,United Kingdom,2024-05-08
C00046,Leigh Lawson,United Kingdom,2024-06-13
C00047,Miss Beverley Lyons,United Kingdom,2024-08-30
C00048,Catherine Wilson,United Kingdom,2024-12-16
C00049,Francesca Naylor,United Kingdom,2024-09-19
C00050,Sarah Hammond,United Kingdom,2025-04-02
C00051,Pauline Townsend,United Kingdom,2025-05-05
C00052,Dr Alan Lewis,United Kingdom,2024-01-25
C00053,Norman Stevens,United Kingdom,2024-08-04
C00054,Mitchell Allen-Smith,Netherlands,2024-04-12
C00055,Dr Neil Green,United Kingdom,2025-01-02
C00056,Miss Kirsty Ali,United Kingdom,2025-05-26
C00057,Richard Davies-Robinson,Unknown,2025-11-01
C00058,Nicole Briggs,Ireland,2024-03-17
C00059,Mr Harry Bates,United Kingdom,2025-09-13
C00060,Brian Oliver,United Kingdom,2025-02-20
C00061,Harry Gardiner,Netherlands,2024-08-04
C00062,Henry Gibson,United Kingdom,2024-02-28
C00063,Thomas Morgan,United Kingdom,2025-05-21
C00064,Mr Jake Stevenson,United Kingdom,2025-12-20
C00065,Suzanne Poole,Germany,2025-01-08
C00066,Mrs Georgina Pritchard,Unknown,2024-05-07
C00067,Dr Gareth Davison,United Kingdom,2025-09-01
C00068,Dr Martin Barrett,United Kingdom,2025-07-21
C00069,Leah Newman,United Kingdom,2024-06-18
C00070,Charles George-Jackson,United Kingdom,2024-02-17
C00071,Mr Matthew Hunt,United Kingdom,2025-01-25
C00072,Mr Joshua Wright,Netherlands,2024-03-03
C00073,Mr Reece Baldwin,France,2025-06-08
C00074,Harry Jackson,United Kingdom,2025-11-22
C00075,Simon Burton,United Kingdom,2024-01-31
C00076,Elliot Saunders,United Kingdom,2025-03-29
C00077,Hollie Edwards,France,2024-07-21
C00078,Andrea Clarke-Berry,United Kingdom,2024-07-04
C00079,Mrs Rebecca Hale,United Kingdom,2024-12-21
C00080,Deborah Powell,United Kingdom,2025-03-13
C00081,Emily McDonald-Wallace,United Kingdom,2025-01-27
C00082,Sheila Kirby,United Kingdom,2025-11-13
C00083,Dr Stewart Robinson,United Kingdom,2024-12-06
C00084,Arthur Bailey,France,2025-09-18
C00085,Kieran Begum,United Kingdom,2025-09-26
C00086,Holly Clark,United Kingdom,2024-03-21
C00087,Martyn Bryan-Bird,Netherlands,2024-03-24
C00088,Ronald Martin-Thomson,United Kingdom,2024-06-12
C00089,Duncan Smith,United Kingdom,2024-07-24
C00090,Mr Jordan Thomson,United Kingdom,2025-12-06
C00091,Gemma Harper-Vaughan,United Kingdom,2025-10-06
C00092,Amanda Cox-Fisher,United Kingdom,2025-05-09
C00093,Christopher Clark,Germany,2024-11-28
C00094,Keith Kaur-Lee,United Kingdom,2025-11-16
C00095,Liam Sykes,United Kingdom,2025-03-28
C00096,Shannon Sutton-Coles,United Kingdom,2024-02-02
C00097,Eleanor Kelly,Netherlands,2025-10-30
C00098,Lee Nixon,United Kingdom,2024-07-12
C00099,Dr Dylan Morris,Netherlands,2025-03-10
C00100,Amanda Simpson,Unknown,2025-12-20
C00101,Chelsea Jennings,United Kingdom,2025-09-21
C00102,Dr Hollie Taylor,Ireland,2025-07-26
C00103,Wendy Walsh,United Kingdom,2025-09-21
C00104,Janice Carr,United Kingdom,2025-06-28
C00105,Jamie Ryan,United Kingdom,2025-10-28
C00106,Clive Rogers,United Kingdom,2025-12-14
C00107,Mr Nathan Brown,United Kingdom,2025-09-09
C00108,Miss Olivia Taylor,United Kingdom,2024-05-30
C00109,Melanie Hart-Matthews,United Kingdom,2025-08-23
C00110,Roger Singh,Netherlands,2025-10-17
C00111,Louise Jackson-Robinson,France,2024-03-30
C00112,Hilary Williams,United Kingdom,2024-01-30
C00113,Dr Charlie Butler,United Kingdom,2025-07-19
C00114,Lorraine Sutton,United Kingdom,2025-02-01
C00115,Gemma Walters-Winter,France,2024-05-27
C00116,Mr Justin Williams,France,2025-12-19
C00117,Miss Joyce Baker,United Kingdom,2025-05-30
C00118,Tina Gordon-Miles,United Kingdom,2025-07-13
C00119,Sean Naylor-Lucas,United Kingdom,2024-11-08
C00120,Ms Cheryl Pearce,United Kingdom,2025-05-31
C00121,David Rogers,Ireland,2024-11-11
C00122,Miss Joan Williams,United Kingdom,2024-06-12
C00123,Kathryn Jones,Ireland,2025-06-08
C00124,Mr Hugh Cunningham,United Kingdom,2025-11-30
C00125,Elliott Bibi,United Kingdom,2025-02-04
C00126,Mr Tom Kemp,United Kingdom,2024-03-13
C00127,Anne Jennings,United Kingdom,2025-09-18
C00128,Stewart Baker,France,2024-07-09
C00129,Gavin Shah,Unknown,2024-02-26
C00130,Geraldine Cooper,Germany,2025-03-23
C00131,Anne Lynch,United Kingdom,2024-11-06
C00132,Mr Phillip Lloyd,United Kingdom,2024-01-05
C00133,Garry Hall-Bevan,France,2025-09-16
C00134,Mr Julian Browne,Netherlands,2025-12-13
C00135,Arthur Scott,United Kingdom,2024-12-26
C00136,Dr Irene Sharp,United Kingdom,2025-04-07
C00137,Allan Burke,United Kingdom,2025-11-23
C00138,Jason Reid,Ireland,2025-03-01
C00139,Callum Mitchell,Ireland,2025-01-03
C00140,Ashley Miller,United Kingdom,2025-10-14
C00141,Terry Smith,United Kingdom,2025-02-08
C00142,Dawn Henry,United Kingdom,2024-12-07
C00143,Mrs Diane Hayes,United Kingdom,2024-09-17
C00144,Martin Cole-Collins,France,2024-10-24
C00145,Dr Lynne Farmer,United Kingdom,2024-11-12
C00146,Dr Eileen Harding,United Kingdom,2025-10-08
C00147,Dr Shane Bailey,United Kingdom,2024-01-16
C00148,Georgina Davis-Watson,Ireland,2024-09-30
C00149,Abdul Roberts,United Kingdom,2024-11-21
C00150,June Lloyd,United Kingdom,2025-11-28
C00151,Stephen McCarthy,Netherlands,2024-12-04
C00152,Reece Wood,United Kingdom,2025-06-03
C00153,Philip Robinson,United Kingdom,2025-10-14
C00154,Lynn Wright,United Kingdom,2025-02-18
C00155,Patricia Graham,United Kingdom,2025-05-29
C00156,Dr George Parker,United Kingdom,2024-04-15
C00157,Ms Carole Mills,United Kingdom,2024-10-21
C00158,Miss Anna Smith,United Kingdom,2025-08-14
C00159,John Morris,United Kingdom,2024-03-04
C00160,Ms Gail Rees,United Kingdom,2024-02-10
C00161,Lauren Wells,United Kingdom,2025-05-21
C00162,Mr Graeme Wyatt,United Kingdom,2024-06-03
C00163,Albert Clark,United Kingdom,2024-04-08
C00164,Bruce Smith,France,2024-06-18
C00165,Katy Jenkins,Germany,2024-10-13
C00166,Kevin Hobbs-O'Brien,United Kingdom,2025-08-03
C00167,Leah Payne,United Kingdom,2024-08-29
C00168,Declan Walker,United Kingdom,2024-08-30
C00169,Ms Lisa Wright,United Kingdom,2024-10-18
C00170,Adrian Warner,United Kingdom,2025-10-07
C00171,Amelia Foster-O'Neill,Netherlands,2025-08-23
C00172,Mr Kyle Kent,United Kingdom,2025-03-15
C00173,Mrs Tina Miah,United Kingdom,2025-05-28
C00174,Dr Duncan Webb,Germany,2024-01-10
C00175,Bernard Goddard,Germany,2024-10-08
C00176,Amber Arnold,United Kingdom,2024-12-04
C00177,Max Russell,United Kingdom,2024-07-28
C00178,Miss Georgia Barton,United Kingdom,2024-12-27
C00179,Olivia Wallace,United Kingdom,2025-10-07
C00180,Dr Glen Morrison,United Kingdom,2024-07-08
C00181,Mrs Mandy Barton,Ireland,2024-10-21
C00182,Kenneth Evans,United Kingdom,2024-05-21
C00183,Miss Hilary Harrison,Netherlands,2024-07-19
C00184,Christopher Lewis,United Kingdom,2024-08-02
C00185,Alice Atkinson,United Kingdom,2024-05-28
C00186,Trevor Marshall,United Kingdom,2025-01-14
C00187,Duncan Parkin-Brown,France,2025-05-16
C00188,Nicole Marshall,United Kingdom,2024-08-16
C00189,Gregory Connolly,United Kingdom,2024-08-25
C00190,Kyle Field,United Kingdom,2025-03-05
C00191,Roger Parsons,United Kingdom,2025-08-02
C00192,Natasha Smith-O'Neill,United Kingdom,2024-12-18
C00193,Mrs Sara Watson,United Kingdom,2024-05-29
C00194,Alison Stevens,France,2025-06-20
C00195,Francesca Stewart-Whittaker,United Kingdom,2025-01-11
C00196,Alison Doyle,France,2024-08-07
C00197,Kathleen Brown,United Kingdom,2024-10-07
C00198,Valerie Thomas,United Kingdom,2025-02-18
C00199,Jacob Harrison,Netherlands,2024-02-12
C00200,Duncan Webb,Germany,2024-04-08
C00201,Patrick Jones,Netherlands,2024-01-10
C00202,Ms Margaret Smith,France,2024-12-08
C00203,Kevin Fuller,Germany,2025-10-31
C00204,Alan Mellor,United Kingdom,2024-11-07
C00205,Sharon Burrows,United Kingdom,2025-06-17
C00206,Patricia Turner-Iqbal,United Kingdom,2025-03-13
C00207,Ms Amber Palmer,United Kingdom,2025-08-16
C00208,Kieran Taylor,United Kingdom,2025-12-06
C00209,Ruth Houghton-John,United Kingdom,2024-11-29
C00210,Kelly Johnson,Netherlands,2025-07-28
C00211,Simon Fraser,United Kingdom,2024-07-24
C00212,Ian Pope,Germany,2024-05-15
C00213,Leigh Wright,United Kingdom,2024-11-13
C00214,Megan Barber,United Kingdom,2024-08-14
C00215,Julian Hammond-Barnes,Netherlands,2024-08-07
C00216,Mr Phillip Clark,Netherlands,2024-07-24
C00217,Keith Walker,United Kingdom,2024-06-23
C00218,Deborah Howard,Ireland,2025-10-04
C00219,Hilary Morris-Pearce,United Kingdom,2025-09-07
C00220,Benjamin Jones,United Kingdom,2024-08-12
C00221,Reece Hewitt-Knight,Netherlands,2024-08-24
C00222,Simon Anderson,United Kingdom,2025-01-18
C00223,Miss Sylvia Smith,United Kingdom,2025-11-21
C00224,Hazel Lee,Ireland,2024-03-11
C00225,Mark Watkins,United Kingdom,2025-03-22
C00226,Dr Gerard Thomas,United Kingdom,2025-06-06
C00227,Marie Reynolds,United Kingdom,2025-08-10
C00228,Katie Turner-Williams,Germany,2024-12-09
C00229,Jordan Jones,United Kingdom,2025-09-24
C00230,Miss Hollie Webb,Netherlands,2024-11-13
C00231,Dr Rita Hughes,United Kingdom,2024-05-04
C00232,Mrs Carole Nicholson,United Kingdom,2025-05-29
C00233,Mrs Nicole Taylor,United Kingdom,2024-07-15
C00234,Lydia Taylor,United Kingdom,2025-10-02
C00235,Mrs Barbara Joyce,United Kingdom,2024-12-24
C00236,Dr Terry Williams,United Kingdom,2025-04-28
C00237,Wendy Parry,France,2024-02-10
C00238,Beverley Wallace-Jones,United Kingdom,2025-12-21
C00239,Leon Roberts,United Kingdom,2024-01-23
C00240,Denise Walton,United Kingdom,2025-07-05
C00241,Mrs Jade Chambers,United Kingdom,2025-03-04
C00242,Kate May,United Kingdom,2025-12-10
C00243,Mr Frederick Begum,United Kingdom,2025-05-18
C00244,Jay Robertson,Netherlands,2024-08-14
C00245,Damian Smith,United Kingdom,2025-10-10
C00246,Lorraine Bates,Ireland,2025-03-04
C00247,Joseph Taylor,United Kingdom,2025-04-10
C00248,Dr Ronald McDonald,United Kingdom,2024-08-02
C00249,Susan Bird-Burns,United Kingdom,2025-01-29
C00250,Hugh Jones,United Kingdom,2025-03-31
C00251,Max Jones,United Kingdom,2024-04-25
C00252,Abdul Patel,Ireland,2024-09-15
C00253,Ms Geraldine Smith,United Kingdom,2025-12-25
C00254,Chelsea Thomas,United Kingdom,2024-10-24
C00255,Jay Johnston,Netherlands,2025-08-01
C00256,Ms Mandy Arnold,Netherlands,2024-10-23
C00257,Bryan Ross,United Kingdom,2024-04-08
C00258,Dr Adam Carey,United Kingdom,2024-03-18
C00259,Rachel Bolton,United Kingdom,2024-12-20
C00260,Lisa Jones,Netherlands,2025-05-23
C00261,Dr Gail Francis,France,2024-07-24
C00262,Dr Sam Johnson,France,2024-09-12
C00263,Dr Mathew Fowler,United Kingdom,2025-11-20
C00264,Vanessa Richardson,United Kingdom,2024-02-23
C00265,Joanne Williams,Germany,2024-08-11
C00266,Mr Ross Thompson,Ireland,2024-03-17
C00267,Gemma Duncan,United Kingdom,2024-08-20
C00268,Eleanor Patel-Lane,Netherlands,2024-02-13
C00269,Ms Chloe Jarvis,United Kingdom,2025-02-16
C00270,Dr Dylan Richardson,United Kingdom,2025-04-18
C00271,Steven Barnes,Germany,2025-01-21
C00272,Fiona Smith-Potts,United Kingdom,2025-05-10
C00273,Gareth Davies,United Kingdom,2025-09-16
C00274,Melissa Harding,Netherlands,2024-05-02
C00275,Frances Hunt-Marshall,United Kingdom,2025-04-01
C00276,Dr Nigel Watkins,Unknown,2024-12-20
C00277,Alexander Smith,United Kingdom,2025-10-24
C00278,Miss Diana Harris,United Kingdom,2025-03-20
C00279,Joe Robertson,United Kingdom,2025-10-06
C00280,Mr Leon Morris,United Kingdom,2025-03-15
C00281,Pauline Jenkins-Parsons,Ireland,2025-10-08
C00282,Rosie Smith,United Kingdom,2025-05-09
C00283,Hugh Davies-Khan,United Kingdom,2025-08-09
C00284,Brandon Thomas,United Kingdom,2024-03-16
C00285,Andrew Jackson,United Kingdom,2025-09-04
C00286,Joanne Walker,France,2025-07-22
C00287,Gavin Jarvis-Daniels,Germany,2024-09-10
C00288,Miss Jennifer Smith,United Kingdom,2025-02-22
C00289,Sean Morris,United Kingdom,2025-10-02
C00290,Mr Donald Robson,United Kingdom,2024-09-20
C00291,Mr Declan Wood,United Kingdom,2024-04-19
C00292,Dr Jordan Pearson,Ireland,2024-11-04
C00293,Sara Harvey-Connolly,United Kingdom,2024-01-11
C00294,Wayne Jackson,United Kingdom,2025-08-04
C00295,Christian Griffiths,Ireland,2025-09-30
C00296,James Bibi,United Kingdom,2024-06-30
C00297,Ms Josephine Collins,United Kingdom,2025-03-12
C00298,Bruce Atkins,United Kingdom,2025-10-01
C00299,Diane Thomas,United Kingdom,2024-11-13
C00300,Mandy Clark-Henry,France,2024-01-29
C00301,Georgina Price,France,2025-02-21
C00302,Damien Harding-Burton,United Kingdom,2025-06-04
C00303,Martin Young-Waters,Germany,2025-07-30
C00304,Mohammad Miles,United Kingdom,2025-10-09
C00305,Beth Middleton,United Kingdom,2024-08-05
C00306,Terence Davis,United Kingdom,2024-12-10
C00307,Jeffrey Dunn,United Kingdom,2024-03-18
C00308,Mrs Andrea White,France,2025-05-15
C00309,Dr Jordan Adams,Germany,2024-04-04
C00310,Joel Coates,France,2025-05-13
C00311,Dr Adrian Scott,France,2024-02-09
C00312,Timothy Rees,United Kingdom,2025-09-03
C00313,Stuart Grant,United Kingdom,2025-08-17
C00314,Mr Roger Russell,United Kingdom,2025-09-23
C00315,David White,Germany,2025-09-04
C00316,Kayleigh Smith,France,2024-04-22
C00317,Joyce Taylor,United Kingdom,2024-05-15
C00318,Eleanor Pearson,United Kingdom,2024-04-12
C00319,Shaun Brown,United Kingdom,2024-07-03
C00320,Samantha Cox,France,2024-07-25
C00321,Charlotte Jones,France,2025-02-12
C00322,Mrs Kimberley Heath,Netherlands,2025-08-27
C00323,Lydia Bishop,Germany,2025-04-22
C00324,Stephen Long,France,2024-12-21
C00325,Dr Allan Vincent,United Kingdom,2025-01-07
C00326,Ross Ford-Francis,Ireland,2025-01-15
C00327,Charlotte Clarke,United Kingdom,2025-04-17
C00328,Iain Parry,Netherlands,2025-04-29
C00329,Miss Carole Lowe,Germany,2024-09-09
C00330,Diana Clark,France,2024-11-30
C00331,Martyn Atkinson,Germany,2025-05-23
C00332,Dr Pauline Ali,United Kingdom,2024-06-16
C00333,Marc Sanderson,Germany,2025-10-04
C00334,Dr Sally King,United Kingdom,2024-03-14
C00335,Amelia Preston,France,2024-10-17
C00336,Patricia Green,Germany,2024-02-22
C00337,Christian Barker-Humphreys,United Kingdom,2024-03-16
C00338,Leonard Sheppard,Germany,2025-03-31
C00339,Miss Charlene Singh,United Kingdom,2024-04-04
C00340,Mr Gareth Foster,United Kingdom,2024-11-24
C00341,Carly O'Sullivan,Germany,2024-09-30
C00342,Cameron Wilson,United Kingdom,2024-04-30
C00343,Miss Amy Carter,United Kingdom,2024-03-25
C00344,Shirley Brady,United Kingdom,2025-03-21
C00345,Mr Leon Murray,United Kingdom,2025-08-19
C00346,Aaron Day-Robertson,France,2025-10-06
C00347,Judith Dodd-Farrell,Netherlands,2025-08-15
C00348,Hugh Matthews,United Kingdom,2024-04-21
C00349,Elliott Page-Green,United Kingdom,2024-04-20
C00350,Paige Burton,United Kingdom,2025-02-16
C00351,Sheila Webster,Netherlands,2024-09-21
C00352,Mr Richard Bryan,United Kingdom,2024-09-08
C00353,Peter Davies,Netherlands,2025-08-08
C00354,Mohamed Douglas,Unknown,2024-07-30
C00355,Gavin Robertson,Netherlands,2025-04-16
C00356,Kevin Ward,United Kingdom,2025-08-09
C00357,Annette Davies-Jones,Netherlands,2024-03-27
C00358,Gemma Quinn-Robinson,United Kingdom,2025-06-02
C00359,Clare Atkins,United Kingdom,2024-02-12
C00360,Mr Scott Harris,United Kingdom,2024-06-13
C00361,Rachael Morris,Ireland,2024-04-03
C00362,Janice Kent,United Kingdom,2024-05-16
C00363,Leonard Lee,United Kingdom,2024-06-27
C00364,Mrs Andrea Taylor,United Kingdom,2025-09-18
C00365,Mrs Fiona Woodward,United Kingdom,2024-02-02
C00366,Dr Jemma Ahmed,United Kingdom,2025-10-31
C00367,Miss Amy Gibbons,United Kingdom,2025-05-12
C00368,Rosie Nicholls,Ireland,2024-09-09
C00369,Mrs Marion Watts,United Kingdom,2025-06-19
C00370,Dr Marian Ferguson,France,2024-07-07
C00371,Judith Morton-Marsh,United Kingdom,2025-11-07
C00372,Elliott Clark,Ireland,2024-02-29
C00373,Melanie Parsons,Ireland,2025-01-31
C00374,Liam Smith,United Kingdom,2025-09-28
C00375,Sandra Coleman-Gould,Unknown,2024-04-23
C00376,Ian Williamson,United Kingdom,2025-08-12
C00377,Louis Hall,United Kingdom,2025-08-23
C00378,Dr Maurice Bennett,United Kingdom,2025-03-13
C00379,Elliott Fleming,United Kingdom,2025-03-14
C00380,Dr Keith Williams,Germany,2024-09-08
C00381,Guy Stokes,Ireland,2024-12-30
C00382,Matthew Parsons,United Kingdom,2024-08-01
C00383,Kate Price-George,United Kingdom,2024-02-27
C00384,Lisa Berry-Stewart,United Kingdom,2025-10-07
C00385,Joel O'Sullivan,United Kingdom,2024-03-11
C00386,Martyn Watson,United Kingdom,2024-12-25
C00387,Kimberley Walker,United Kingdom,2025-07-27
C00388,Neil Storey,United Kingdom,2025-03-20
C00389,Keith Andrews,Netherlands,2025-01-04
C00390,Kerry Robinson,United Kingdom,2024-12-15
C00391,Brandon Thompson,France,2024-03-06
C00392,Gerald Scott-Barry,United Kingdom,2024-07-11
C00393,Shannon Patel,United Kingdom,2025-04-18
C00394,Dr Judith Davies,United Kingdom,2024-08-07
C00395,Dr Ryan Sheppard,United Kingdom,2024-02-10
C00396,Alex Abbott,United Kingdom,2025-03-09
C00397,Mr Mohammed Reeves,United Kingdom,2025-07-16
C00398,Melanie Gordon,United Kingdom,2025-05-30
C00399,Mohamed Gilbert-Wright,United Kingdom,2025-05-24
C00400,Denise Moore,United Kingdom,2025-12-29
C00401,Dr Philip Davies,United Kingdom,2025-05-14
C00402,Glenn Walker-Green,United Kingdom,2025-10-05
C00403,Miss Julie Evans,United Kingdom,2025-06-04
C00404,Kerry May,France,2024-05-20
C00405,Jade Watkins,Germany,2025-01-12
C00406,Stephanie Watts,United Kingdom,2024-04-30
C00407,Mathew Lee,United Kingdom,2024-03-19
C00408,Jack Adams,United Kingdom,2025-11-17
C00409,Mr Joel Patel,United Kingdom,2025-11-11
C00410,Rita Vaughan,United Kingdom,2024-05-06
C00411,Beverley Thomas,Germany,2025-09-20
C00412,Terence Morgan,Ireland,2024-10-09
C00413,Rosemary Barnes-Smith,United Kingdom,2025-04-19
C00414,Dr Lewis Chan,United Kingdom,2025-09-20
C00415,Dale Moran,United Kingdom,2025-03-19
C00416,Dr Amanda Warren,United Kingdom,2025-08-27
C00417,Brian Wong,United Kingdom,2025-09-14
C00418,Cameron Cameron,United Kingdom,2024-02-10
C00419,Jayne Barton,Germany,2025-03-06
C00420,Amanda Sharpe,United Kingdom,2024-08-09
C00421,Liam Holden,United Kingdom,2025-12-04
C00422,Kimberley Young,United Kingdom,2024-03-12
C00423,Lynne Manning,United Kingdom,2025-12-23
C00424,Ms Lorraine Turner,United Kingdom,2025-01-24
C00425,Lauren Newton,United Kingdom,2024-10-18
C00426,Dr Liam Khan,United Kingdom,2024-03-17
C00427,Dr Damien Holden,United Kingdom,2024-08-10
C00428,Damian Patterson-Burgess,United Kingdom,2025-08-12
C00429,Pamela Stevens,Ireland,2024-03-02
C00430,Leon Hill,Ireland,2024-04-26
C00431,Dr Terence Hodgson,United Kingdom,2024-03-27
C00432,Anna Dawson,United Kingdom,2024-02-07
C00433,Ryan Griffiths,United Kingdom,2025-04-28
C00434,Joel Wilkinson,Netherlands,2025-12-04
C00435,Gerard Smith,United Kingdom,2025-05-05
C00436,Shirley Winter-Parsons,United Kingdom,2024-04-21
C00437,Ms Charlene King,United Kingdom,2025-03-19
C00438,Mrs Marian Dunn,Germany,2025-02-10
C00439,Martyn Brown,United Kingdom,2025-09-02
C00440,Daniel Woods,Germany,2025-11-09
C00441,Julie Evans-Townsend,United Kingdom,2024-10-16
C00442,Hugh Johnson-Vaughan,Netherlands,2024-07-06
C00443,Dr Joseph Thomas,United Kingdom,2025-07-25
C00444,Ms Amelia Hall,Netherlands,2025-02-28
C00445,Guy Clayton,France,2025-06-24
C00446,Fiona Sims,United Kingdom,2024-04-14
C00447,Caroline Young,Ireland,2024-06-05
C00448,Molly Matthews-Sharp,United Kingdom,2024-09-02
C00449,Karen Mitchell-Bates,Germany,2025-01-02
C00450,Mr Toby Ross,United Kingdom,2024-10-04
C00451,Dr Charlie Ball,France,2024-04-06
C00452,Alex Cook,Ireland,2025-07-31
C00453,Denis Stephenson,United Kingdom,2024-05-25
C00454,Dr Luke Wood,United Kingdom,2025-12-18
C00455,Ms Teresa Harris,United Kingdom,2024-03-02
C00456,Maureen Benson,United Kingdom,2024-03-20
C00457,Josh Edwards,Ireland,2024-08-26
C00458,Ross Parsons-Thomas,United Kingdom,2024-05-09
C00459,Dr Valerie Dawson,United Kingdom,2025-11-06
C00460,Lisa Davies,United Kingdom,2025-09-06
C00461,Ms Lauren Wilkins,United Kingdom,2024-11-11
C00462,Gerald Howells,United Kingdom,2025-04-16
C00463,Josephine Owen,United Kingdom,2024-02-22
C00464,Andrew Butler,United Kingdom,2024-10-24
C00465,Jeffrey Patel,United Kingdom,2025-06-11
C00466,Jemma Khan,United Kingdom,2025-08-15
C00467,Miss Gail White,United Kingdom,2024-10-12
C00468,Lucy Morley,United Kingdom,2024-03-29
C00469,Darren Smith,Ireland,2024-10-27
C00470,Francis Stevens-Blackburn,United Kingdom,2024-07-21
C00471,Oliver Blake,United Kingdom,2025-06-23
C00472,Kimberley Lord,United Kingdom,2025-10-24
C00473,Samuel Barker,United Kingdom,2025-07-08
C00474,Miss Carolyn Collins,United Kingdom,2025-10-18
C00475,Leanne Barton-Ellis,United Kingdom,2025-02-25
C00476,Stanley Coleman-Evans,France,2025-12-21
C00477,Caroline James,United Kingdom,2024-06-23
C00478,Dr James Evans,United Kingdom,2024-07-02
C00479,Dr Julia Clarke,Germany,2025-03-20
C00480,Charlotte Gordon,Ireland,2025-11-17
C00481,Shane Carey-Hilton,United Kingdom,2025-07-10
C00482,Alan Harvey,United Kingdom,2025-10-01
C00483,Alan Power,United Kingdom,2024-09-03
C00484,Kyle Clarke,Ireland,2025-06-12
C00485,Mr Gary Williams,Germany,2025-10-05
C00486,Mr Benjamin Joyce,Netherlands,2025-12-08
C00487,Amanda Stanley,United Kingdom,2024-08-24
C00488,Debra May,Ireland,2025-07-04
C00489,Hannah Smith-Woods,United Kingdom,2025-02-07
C00490,Samantha Johnson-Flynn,United Kingdom,2025-03-03
C00491,Danny Thompson,United Kingdom,2024-03-13
C00492,Chloe Slater,United Kingdom,2025-03-27
C00493,Leslie Gray,United Kingdom,2025-07-13
C00494,Lauren Francis,United Kingdom,2025-03-13
C00495,Dr Victor Kelly,United Kingdom,2025-05-13
C00496,Mrs Rachael Gregory,United Kingdom,2025-03-20
C00497,Sian Andrews-Jones,United Kingdom,2025-02-27
C00498,Dr Kieran Price,United Kingdom,2025-09-17
C00499,Tracy Williams,United Kingdom,2025-06-18
C00500,Timothy Cook,United Kingdom,2025-01-11
C00501,Miss Debra Simpson,United Kingdom,2024-04-21
C00502,Dr Douglas Moore,United Kingdom,2024-04-11
C00503,Joan Blake,United Kingdom,2024-09-04
C00504,Rachel Glover,United Kingdom,2024-12-15
C00505,Dr Catherine Hunt,United Kingdom,2024-08-13
C00506,Maureen McDonald,United Kingdom,2025-12-01
C00507,Ms Tracy Stephenson,United Kingdom,2025-07-14
C00508,Frederick Shaw,United Kingdom,2025-02-03
C00509,Joanne Harding,United Kingdom,2025-01-21
C00510,Trevor Stevens,United Kingdom,2025-01-27
C00511,Jessica White,United Kingdom,2024-10-01
C00512,Dr Gareth Wilkinson,United Kingdom,2025-04-09
C00513,Alexandra Macdonald,Ireland,2025-10-20
C00514,Justin Miller-Owen,United Kingdom,2024-07-24
C00515,Ruth Moore,Ireland,2024-11-07
C00516,Gareth Ford,Germany,2024-10-08
C00517,Henry White,United Kingdom,2025-01-26
C00518,Stewart Iqbal,United Kingdom,2025-04-29
C00519,Miss Judith Bevan,United Kingdom,2024-03-16
C00520,Mr Nigel Foster,United Kingdom,2024-10-10
C00521,Michael Thomas,Netherlands,2024-11-07
C00522,Mohammed Roberts-Reynolds,United Kingdom,2024-04-16
C00523,Douglas Davidson,United Kingdom,2024-04-25
C00524,Sam Marsden,Germany,2025-12-24
C00525,Kieran Wright-O'Sullivan,United Kingdom,2025-04-23
C00526,Duncan Walters,Ireland,2025-01-30
C00527,John Chan,Netherlands,2024-08-20
C00528,Lynne Jackson,United Kingdom,2025-06-07
C00529,Leigh Johnson-Anderson,United Kingdom,2025-09-10
C00530,Gregory Whitehead,United Kingdom,2024-07-25
C00531,Eileen Jones,United Kingdom,2025-07-14
C00532,Dylan Russell,United Kingdom,2025-02-11
C00533,Bethan Smith,United Kingdom,2024-10-22
C00534,William Bates-Williams,United Kingdom,2025-03-20
C00535,Chelsea Marshall,United Kingdom,2024-11-21
C00536,Stewart Wall,Ireland,2024-11-14
C00537,Mr Jay Khan,United Kingdom,2025-11-08
C00538,Ben Turner,United Kingdom,2024-06-10
C00539,Roy Sinclair,Ireland,2025-01-06
C00540,Vincent Ward,United Kingdom,2024-05-14
C00541,Maurice Graham,Germany,2024-10-02
C00542,Irene Jones-Andrews,Netherlands,2025-06-22
C00543,Kieran Wilson,United Kingdom,2024-08-04
C00544,Dr Jay Martin,United Kingdom,2024-08-19
C00545,Sam Jones,United Kingdom,2025-07-01
C00546,Dr Gareth Blake,United Kingdom,2025-03-11
C00547,Karl Wheeler,Netherlands,2025-06-09
C00548,Dr Liam Harris,United Kingdom,2024-11-02
C00549,Simon Ward-Williams,Ireland,2024-08-11
C00550,Shane Stevens-Finch,United Kingdom,2024-07-18
C00551,Damien Dixon,United Kingdom,2024-07-29
C00552,Billy Smith,United Kingdom,2024-03-25
C00553,Arthur Wilson,United Kingdom,2024-02-09
C00554,Carol Ali,Ireland,2024-06-29
C00555,Adam Davies,Germany,2025-07-11
C00556,Harriet Stewart,United Kingdom,2024-04-16
C00557,Dr Marilyn Horton,United Kingdom,2024-05-02
C00558,Georgia Hussain-Howard,Netherlands,2025-08-10
C00559,Gail Allen,Germany,2025-08-20
C00560,Jack Johnston-Jarvis,United Kingdom,2025-02-19
C00561,Mr Jack Turner,United Kingdom,2025-11-16
C00562,Dr Colin Cross,United Kingdom,2024-11-04
C00563,Karen Bailey-Pearce,United Kingdom,2025-11-08
C00564,Miss Carole Scott,United Kingdom,2024-03-24
C00565,Louis Gregory,Germany,2025-02-25
C00566,Dr Barry O'Connor,Germany,2024-04-14
C00567,Ms Fiona Brooks,United Kingdom,2024-03-28
C00568,Linda Pratt,Netherlands,2025-07-12
C00569,Ruth Davies-O'Connor,United Kingdom,2025-09-06
C00570,Dr Allan Lewis,Germany,2025-04-19
C00571,Mrs Lucy Robinson,Ireland,2024-03-08
C00572,Ms Sarah Smith,United Kingdom,2025-01-05
C00573,Aaron Watson,Ireland,2024-07-01
C00574,Mitchell Brown,Netherlands,2024-08-22
C00575,Ms Emma King,United Kingdom,2025-05-22
C00576,Tracy Stevenson-Kerr,Germany,2024-12-27
C00577,Dean Marshall-Dawson,United Kingdom,2025-11-26
C00578,Ms Natalie Andrews,United Kingdom,2024-08-17
C00579,Carole Morris,United Kingdom,2025-01-06
C00580,Dr Diana Parry,Ireland,2025-04-15
C00581,Mr Harry Davies,United Kingdom,2024-12-31
C00582,Mr Marcus Williams,Germany,2025-04-07
C00583,Mrs Kim Clark,Germany,2025-06-30
C00584,Howard Howell,United Kingdom,2025-10-05
C00585,Jennifer Mills,Unknown,2025-02-20
C00586,Kevin Davies,United Kingdom,2025-02-08
C00587,Duncan Green,United Kingdom,2025-07-10
C00588,Matthew Price,United Kingdom,2025-01-31
C00589,Dr Kim Tomlinson,United Kingdom,2025-02-02
C00590,Carl Wood,United Kingdom,2024-12-25
C00591,Susan Morris-Whitehead,Germany,2024-11-03
C00592,Miss Diana Collins,United Kingdom,2024-02-05
C00593,Marie Higgins,United Kingdom,2024-02-16
C00594,Mary Miller,Germany,2024-11-13
C00595,Rhys Patel,United Kingdom,2025-07-20
C00596,Dr Paige Patel,France,2025-11-23
C00597,Mathew Daniels,Ireland,2025-06-14
C00598,Mrs Louise Turner,United Kingdom,2025-10-30
C00599,Philip Wood,United Kingdom,2024-11-01
C00600,Mr Mark Robinson,Netherlands,2024-06-21
C00601,Abdul Douglas,United Kingdom,2024-12-25
C00602,Mr Harry Hall,Ireland,2024-10-21
C00603,Barbara Cross-Wood,United Kingdom,2024-04-30
C00604,Joyce Burton,Ireland,2024-03-28
C00605,Alice Martin,United Kingdom,2025-08-18
C00606,Andrew Williams,United Kingdom,2024-03-19
C00607,Peter Smith-Thomas,United Kingdom,2025-06-05
C00608,Kayleigh Brennan,Germany,2024-12-06
C00609,Mr Brian Heath,United Kingdom,2025-11-01
C00610,Carly Newton,United Kingdom,2024-08-12
C00611,Dr Terence Atkins,United Kingdom,2025-04-09
C00612,Elliot Quinn,United Kingdom,2024-04-21
C00613,Emma Randall-Wright,United Kingdom,2024-08-21
C00614,Aimee Davies,United Kingdom,2025-07-25
C00615,Peter Page,United Kingdom,2025-03-07
C00616,Karl Thornton,United Kingdom,2025-05-14
C00617,Gavin Miles-Hodgson,Ireland,2024-09-04
C00618,Dr Trevor Baker,United Kingdom,2024-05-22
C00619,Mr Dale Austin,Ireland,2024-08-21
C00620,Dr Ashleigh Hill,United Kingdom,2025-03-12
C00621,Pamela Martin,United Kingdom,2024-10-28
C00622,Kimberley Baker,United Kingdom,2025-05-17
C00623,Neil Barnett,United Kingdom,2024-03-12
C00624,Josh Gibbs,United Kingdom,2024-10-19
C00625,Barbara Nelson,United Kingdom,2025-11-09
C00626,Albert Moore-Jones,Ireland,2025-04-01
C00627,Miss Linda Kelly,United Kingdom,2025-11-06
C00628,Darren Morris-Mitchell,United Kingdom,2024-05-27
C00629,Geraldine Butler,United Kingdom,2025-12-11
C00630,Ms Julia Storey,Ireland,2024-06-07
C00631,Dr Brenda Brooks,Netherlands,2024-08-07
C00632,Paula Lewis-Stephenson,United Kingdom,2024-08-27
C00633,Dr Sam Austin,United Kingdom,2024-03-17
C00634,Dr Gemma Moore,United Kingdom,2024-10-14
C00635,Liam Brown-Fisher,United Kingdom,2024-06-20
C00636,Gavin Harris,United Kingdom,2025-03-29
C00637,Ms Janice Pearce,United Kingdom,2024-06-01
C00638,Henry Waters,United Kingdom,2024-07-09
C00639,Miss Grace Morgan,United Kingdom,2025-06-15
C00640,Duncan Hall-Hope,United Kingdom,2025-05-13
C00641,Diane Atkinson,Netherlands,2024-09-30
C00642,Kayleigh Scott,United Kingdom,2025-01-14
C00643,Andrew Bryant,United Kingdom,2024-02-15
C00644,Mr Paul Ali,United Kingdom,2024-02-27
C00645,Connor Townsend,France,2025-10-16
C00646,Gillian Lowe,United Kingdom,2024-04-27
C00647,Rosie Todd,France,2024-10-16
C00648,Cameron Slater,United Kingdom,2025-12-26
C00649,Brenda Fisher,United Kingdom,2024-01-13
C00650,Jasmine Wood,United Kingdom,2024-01-10
C00651,Julie Kerr-Harrison,United Kingdom,2025-02-20
C00652,Mr Alexander Bell,United Kingdom,2024-11-30
C00653,Alice Lucas,Netherlands,2025-02-11
C00654,Stacey Phillips-Frost,United Kingdom,2025-02-12
C00655,Dr Kim Smith,Germany,2024-10-16
C00656,Leanne Richardson,United Kingdom,2025-06-25
C00657,Jill Chambers,United Kingdom,2025-10-20
C00658,Mr Jordan Stevenson,United Kingdom,2025-05-19
C00659,Frank George,United Kingdom,2024-10-19
C00660,Graham Barlow-Brady,United Kingdom,2024-01-08
C00661,Dr Lawrence Stewart,United Kingdom,2025-05-15
C00662,Michael Wilson,United Kingdom,2024-03-15
C00663,Dr Barry Parker,Netherlands,2025-12-01
C00664,Bradley Sutton,United Kingdom,2024-02-27
C00665,Andrew Gardner,Ireland,2025-03-13
C00666,Mrs Kelly Fox,United Kingdom,2025-10-22
C00667,Dr Ian Burns,Germany,2025-08-07
C00668,Ruth Lee,United Kingdom,2025-03-14
C00669,Mathew Fry,United Kingdom,2024-10-29
C00670,Brian Pearson-Conway,United Kingdom,2025-08-09
C00671,Kyle Collier,United Kingdom,2024-03-01
C00672,Lisa Cook,France,2024-12-05
C00673,Joel Frost,Netherlands,2025-08-20
C00674,Mrs Ellie Robertson,United Kingdom,2025-08-23
C00675,Geoffrey Evans,Unknown,2024-12-15
C00676,Ms Bethan Grant,United Kingdom,2024-10-18
C00677,Rosie Harris,Ireland,2024-10-22
C00678,Alan Reeves-Nash,Netherlands,2024-07-10
C00679,Mr Gordon Saunders,United Kingdom,2025-07-06
C00680,Sarah Hewitt,United Kingdom,2024-03-23
C00681,Miss Jane Daniels,United Kingdom,2024-12-11
C00682,Dr Ashleigh Duffy,United Kingdom,2024-05-25
C00683,Laura Archer,United Kingdom,2024-11-12
C00684,Hilary Anderson,United Kingdom,2025-03-06
C00685,Dr Thomas Harris,United Kingdom,2024-09-08
C00686,Mr Leonard Howe,United Kingdom,2024-10-28
C00687,Elliot Thompson,United Kingdom,2024-07-07
C00688,Diane Phillips,United Kingdom,2024-10-22
C00689,Liam Collins,United Kingdom,2024-07-27
C00690,Anna Hodgson-Gill,Ireland,2024-12-03
C00691,Catherine Atkinson-Hughes,Ireland,2024-10-07
C00692,Fiona Dean,United Kingdom,2025-04-23
C00693,Andrea Ross,United Kingdom,2024-08-24
C00694,Miss Beverley Shepherd,France,2025-04-26
C00695,Mr Kieran Potter,Germany,2025-09-25
C00696,Marilyn McLean,United Kingdom,2025-06-24
C00697,Miss Rita Parkinson,United Kingdom,2024-11-05
C00698,Mr Ben Patel,Netherlands,2025-03-23
C00699,Dr Justin Clark,United Kingdom,2025-09-26
C00700,Naomi Turner,United Kingdom,2025-03-13
C00701,Henry Payne,United Kingdom,2024-05-19
C00702,Owen Kelly,France,2025-07-18
C00703,Rita Rees-Baker,Germany,2025-09-11
C00704,Dr Diane Parkinson,United Kingdom,2025-09-09
C00705,Lydia Nash-Davison,United Kingdom,2024-07-06
C00706,Rosemary Scott,United Kingdom,2024-10-19
C00707,Marc Wilkinson,Ireland,2025-01-07
C00708,Dr Abdul Sims,United Kingdom,2025-12-18
C00709,Max Wright-Austin,United Kingdom,2024-10-06
C00710,Mr Hugh King,United Kingdom,2024-03-25
C00711,Stewart Thomas,United Kingdom,2024-05-09
C00712,Brandon Matthews,United Kingdom,2025-05-16
C00713,Dr Michelle Boyle,Netherlands,2025-08-07
C00714,Kathryn Morris,United Kingdom,2024-07-19
C00715,Leigh Allen,United Kingdom,2025-03-09
C00716,Dr Kate Clements,United Kingdom,2024-12-12
C00717,Tony Hayes-Turner,United Kingdom,2025-04-02
C00718,Stephanie Sanderson,United Kingdom,2025-01-09
C00719,Rachel Stone,United Kingdom,2024-03-07
C00720,Timothy Reynolds,United Kingdom,2024-09-23
C00721,Anthony Williams,United Kingdom,2024-09-27
C00722,Sam Rice,Netherlands,2025-06-25
C00723,Mr Mark Baker,Germany,2024-02-04
C00724,Annette Roberts,United Kingdom,2025-05-18
C00725,Adrian Lewis-Fisher,Netherlands,2025-12-23
C00726,Allan Hayward,Netherlands,2024-09-14
C00727,Dr Guy Gallagher,United Kingdom,2024-06-29
C00728,Robin Byrne,United Kingdom,2025-05-12
C00729,Nigel Power,United Kingdom,2025-07-26
C00730,Mrs Lindsey Stevens,Ireland,2024-11-29
C00731,Mr Gerard Warner,United Kingdom,2024-08-04
C00732,Colin Owen,United Kingdom,2025-11-08
C00733,Kevin Smith,France,2024-06-02
C00734,Arthur Morgan,United Kingdom,2025-11-01
C00735,Gordon Talbot,United Kingdom,2024-08-31
C00736,Melanie Parsons,United Kingdom,2025-03-31
C00737,Nicholas Bradley,United Kingdom,2024-12-21
C00738,Dr Mohammad Wright,United Kingdom,2025-07-02
C00739,Sally Hardy,United Kingdom,2025-06-06
C00740,Katie Patel,United Kingdom,2024-08-25
C00741,Gordon Fletcher,United Kingdom,2024-04-19
C00742,Alex Davison,Germany,2024-04-17
C00743,Max Faulkner,United Kingdom,2025-01-13
C00744,Ashleigh Thompson,United Kingdom,2025-05-16
C00745,Lucy McLean,United Kingdom,2024-08-12
C00746,Richard Taylor,Netherlands,2024-12-16
C00747,Joseph Chapman,Unknown,2024-01-08
C00748,Howard Lambert,United Kingdom,2024-10-25
C00749,Duncan Sanderson,United Kingdom,2024-11-13
C00750,Duncan Thompson,United Kingdom,2025-10-14
C00751,Natalie Harris,United Kingdom,2025-03-15
C00752,Sara Barber,Netherlands,2024-08-01
C00753,Lawrence Cox,United Kingdom,2025-08-29
C00754,Henry Lewis,United Kingdom,2025-08-17
C00755,Wendy Russell,Netherlands,2025-03-20
C00756,Mrs Beverley Kaur,United Kingdom,2025-10-01
C00757,Jill Myers,United Kingdom,2024-11-26
C00758,Mr Eric Smith,United Kingdom,2024-08-19
C00759,Mr Gerald Taylor,United Kingdom,2025-10-31
C00760,Mr Stuart Barker,United Kingdom,2024-04-01
C00761,Clive Taylor-Morrison,Ireland,2025-04-01
C00762,Cheryl Khan,United Kingdom,2024-11-28
C00763,Mr Robert Pearce,Ireland,2024-06-09
C00764,Hilary Powell-Turnbull,United Kingdom,2025-02-17
C00765,Donna Allen-Watson,United Kingdom,2025-06-30
C00766,Anthony Kirk,France,2025-02-03
C00767,Dr Robert Chambers,United Kingdom,2025-08-05
C00768,Philip Harrison,United Kingdom,2025-11-04
C00769,Anne Ellis,United Kingdom,2024-04-13
C00770,Annette Gilbert,Netherlands,2025-10-05
C00771,Guy Phillips,United Kingdom,2024-04-20
C00772,Dr Lisa Parkinson,United Kingdom,2024-11-17
C00773,Mr Reece Lewis,United Kingdom,2025-11-14
C00774,Jeffrey Murphy-Jones,United Kingdom,2024-08-04
C00775,Joanne Elliott,United Kingdom,2025-03-28
C00776,Brett Harrison,United Kingdom,2024-12-22
C00777,Brenda Simmons,Netherlands,2025-10-22
C00778,Mr Louis Phillips,France,2024-11-29
C00779,Judith French-Clarke,United Kingdom,2025-10-05
C00780,Ronald Lawrence,United Kingdom,2025-10-24
C00781,Gemma Spencer,Germany,2025-08-15
C00782,Dr John Harvey,United Kingdom,2025-08-31
C00783,Beverley Murphy,Ireland,2025-10-28
C00784,Beth Walker,United Kingdom,2024-11-28
C00785,Derek Walsh,United Kingdom,2025-11-16
C00786,Joanne Waters-Smith,Germany,2025-12-25
C00787,Victor O'Brien,Netherlands,2024-10-15
C00788,Carl Wood,United Kingdom,2024-11-03
C00789,Shirley Lynch,United Kingdom,2025-08-09
C00790,Susan Dobson,United Kingdom,2025-06-30
C00791,Naomi Wilson,France,2024-03-01
C00792,Christopher Bailey,United Kingdom,2025-06-12
C00793,Mr Phillip Garner,Unknown,2024-09-23
C00794,Pauline Cooper,France,2025-01-06
C00795,Mr Lee Sinclair,United Kingdom,2025-07-21
C00796,Diane Cooper-Bradley,Germany,2025-11-15
C00797,Sian Turner,United Kingdom,2025-11-10
C00798,Jasmine Moore,Netherlands,2024-04-20
C00799,Jake Williams,United Kingdom,2025-04-19
C00800,Aimee Morris,Germany,2025-07-15
C00801,Dr Gillian Hopkins,United Kingdom,2025-12-15
C00802,Helen Wright,United Kingdom,2024-03-19
C00803,Dr Sally James,United Kingdom,2024-10-25
C00804,Josephine Short-Fisher,Netherlands,2024-07-11
C00805,Leon Kirby-Singh,United Kingdom,2025-04-11
C00806,Dr Timothy Weston,United Kingdom,2024-01-21
C00807,Lynn Harris,United Kingdom,2025-01-30
C00808,Mr Louis Cooper,United Kingdom,2024-02-12
C00809,Stanley Wright,United Kingdom,2024-07-06
C00810,Paula McDonald,United Kingdom,2025-02-14
C00811,Dr Shannon Kaur,United Kingdom,2024-04-12
C00812,Dr Alan Brown,United Kingdom,2024-05-14
C00813,Holly Stevens,United Kingdom,2024-02-22
C00814,Andrea O'Sullivan,United Kingdom,2025-12-17
C00815,Tony Perkins-Davison,United Kingdom,2025-05-03
C00816,Frances Wilkinson,United Kingdom,2024-11-08
C00817,Olivia Short,Ireland,2025-04-23
C00818,Timothy Simpson,United Kingdom,2024-03-02
C00819,Ben Dickinson,Ireland,2024-04-30
C00820,Mr Dean Harrison,Ireland,2025-05-07
C00821,Mr Matthew Smith,Germany,2025-07-20
C00822,Mrs Carole Blackburn,United Kingdom,2025-12-19
C00823,Charlene Cox-Cox,United Kingdom,2024-02-12
C00824,Carolyn Khan,Germany,2024-04-02
C00825,Rachael Watson,Netherlands,2024-01-09
C00826,Callum Thompson,United Kingdom,2025-02-10
C00827,Aaron Hope-Hardy,United Kingdom,2024-04-08
C00828,Zoe Gough,United Kingdom,2025-11-29
C00829,Ryan Smith,United Kingdom,2024-07-30
C00830,Ian Hughes,France,2025-03-23
C00831,Mrs Rachael Taylor,France,2025-01-31
C00832,Ms Pamela Griffin,United Kingdom,2024-05-09
C00833,Tom Wood,United Kingdom,2025-11-25
C00834,Conor Harper-Taylor,United Kingdom,2024-06-26
C00835,Gemma Jones,Ireland,2024-01-10
C00836,Louise Begum,United Kingdom,2024-10-24
C00837,Julia Roberts,United Kingdom,2025-10-28
C00838,Toby Burton-Storey,United Kingdom,2025-07-08
C00839,Sam Dixon-Hamilton,United Kingdom,2024-11-19
C00840,Lynda Davies,Netherlands,2024-10-16
C00841,Jade Roberts,United Kingdom,2024-02-10
C00842,Mrs Joan Taylor,United Kingdom,2024-02-05
C00843,Dr Ben Hopkins,United Kingdom,2025-08-23
C00844,Sheila Thorpe,Germany,2024-12-20
C00845,Dr Graeme Smith,Germany,2025-03-13
C00846,Louis Turner,Germany,2024-10-13
C00847,Teresa Carter,United Kingdom,2025-08-25
C00848,Sarah Begum,United Kingdom,2024-07-09
C00849,Kayleigh Ward,Ireland,2024-01-19
C00850,Christopher Watson-Winter,Ireland,2025-10-14
C00851,Miss Jane Martin,France,2025-05-25
C00852,Dr Emma Page,United Kingdom,2024-07-03
C00853,Bradley Green-Woodward,United Kingdom,2024-04-20
C00854,Dr Bruce Bowen,United Kingdom,2025-11-27
C00855,Luke Jackson-Lowe,France,2024-12-22
C00856,Dr Ian Wright,Netherlands,2025-05-09
C00857,Ms Elaine Harris,Ireland,2024-02-18
C00858,Dr Diana Lee,United Kingdom,2025-10-22
C00859,Dr Abigail Barnes,United Kingdom,2024-09-10
C00860,Eileen Griffiths,United Kingdom,2024-06-06
C00861,Kimberley Hall,France,2024-03-23
C00862,Sara Evans,United Kingdom,2024-11-11
C00863,Kimberley Herbert,United Kingdom,2025-08-21
C00864,Mr Jordan Fraser,France,2024-07-24
C00865,Lindsey Harrison-Thomas,United Kingdom,2025-06-16
C00866,Dr Liam Green,Germany,2025-10-11
C00867,Dr Molly Parker,United Kingdom,2024-07-11
C00868,Angela Holland-Ahmed,United Kingdom,2024-08-20
C00869,Henry Smith,United Kingdom,2024-12-17
C00870,Diane O'Neill,United Kingdom,2024-12-24
C00871,Mr Gary Ryan,United Kingdom,2024-02-17
C00872,Mrs Eileen Grant,Germany,2024-11-07
C00873,Mr Mark Turner,United Kingdom,2025-12-13
C00874,Ross Law,United Kingdom,2024-06-02
C00875,Dr Benjamin Thomas,France,2024-03-12
C00876,Chloe Bennett,United Kingdom,2024-12-24
C00877,Dr Frederick Day,United Kingdom,2024-12-02
C00878,Ms Stacey Stevens,France,2025-06-14
C00879,Olivia Williams-Bray,United Kingdom,2024-05-25
C00880,Mohammad Smith,United Kingdom,2025-04-21
C00881,Russell Young,United Kingdom,2024-08-17
C00882,Tracey White,United Kingdom,2025-01-07
C00883,Ms Sian Young,United Kingdom,2024-04-16
C00884,Vanessa Turner,Germany,2025-02-12
C00885,Mr Karl Gill,France,2025-02-26
C00886,Abdul Porter,United Kingdom,2024-10-05
C00887,Tony Storey,United Kingdom,2024-09-24
C00888,Laura Newton,United Kingdom,2024-07-29
C00889,Olivia Howard,United Kingdom,2024-06-19
C00890,Antony Perkins,United Kingdom,2025-01-01
C00891,Carol Smith,United Kingdom,2024-06-29
C00892,Brenda Warren-Bell,United Kingdom,2024-07-06
C00893,Mr Gerard Baker,United Kingdom,2024-02-13
C00894,Miss Angela Noble,Germany,2025-09-11
C00895,Miss Naomi Day,United Kingdom,2025-04-05
C00896,Ms Kim Wells,United Kingdom,2025-06-28
C00897,Dr Mathew Gordon,United Kingdom,2025-10-11
C00898,Joanne George,United Kingdom,2025-01-15
C00899,Claire Hill,United Kingdom,2025-04-12
C00900,Ms Emily Cook,United Kingdom,2024-01-01
C00901,Dr Robert Brown,Netherlands,2024-05-17
C00902,Steven Russell-Baker,United Kingdom,2025-03-31
C00903,Mrs Joanna Campbell,Netherlands,2025-10-30
C00904,Mrs Judith Atkins,United Kingdom,2025-05-29
C00905,Marion James,United Kingdom,2024-04-15
C00906,Sam Coleman,Unknown,2025-01-13
C00907,Mohammad Greenwood-Wilson,United Kingdom,2025-03-12
C00908,Mr Roy Parkes,Ireland,2025-04-02
C00909,Samantha Williamson-Metcalfe,United Kingdom,2025-06-18
C00910,Dominic Barton,United Kingdom,2025-06-29
C00911,Andrew Clayton,United Kingdom,2025-08-21
C00912,Mr Stanley Armstrong,France,2024-09-04
C00913,Steven Fry,United Kingdom,2025-12-28
C00914,Debra Robinson,Germany,2024-03-01
C00915,Samuel Fuller,United Kingdom,2024-05-10
C00916,Mohammed Williams,United Kingdom,2025-06-04
C00917,Catherine Marshall,United Kingdom,2024-07-24
C00918,Michelle Atkinson-Parker,United Kingdom,2024-09-29
C00919,Rhys Morgan-Young,United Kingdom,2024-12-06
C00920,Miss Teresa Patel,Ireland,2025-01-17
C00921,Gerard Horton,United Kingdom,2025-10-05
C00922,Amanda Price,Germany,2025-06-17
C00923,Mr Sean Brown,United Kingdom,2025-09-12
C00924,Deborah Cook,France,2024-07-21
C00925,Ms Lisa Kaur,United Kingdom,2025-11-20
C00926,Judith Wright,United Kingdom,2025-11-28
C00927,Jay Holland,United Kingdom,2025-04-21
C00928,Katy Ball,United Kingdom,2025-05-22
C00929,Carol Fry,Ireland,2024-05-02
C00930,Miss Joyce White,United Kingdom,2024-05-27
C00931,Jessica Leach,United Kingdom,2024-07-03
C00932,Dr Martin Holloway,Ireland,2025-03-02
C00933,Mrs Stephanie West,United Kingdom,2024-01-03
C00934,Shane Ryan,United Kingdom,2025-04-30
C00935,Chloe Dawson,United Kingdom,2024-01-20
C00936,Kevin Herbert,Netherlands,2024-03-04
C00937,Duncan Bowen,United Kingdom,2024-11-04
C00938,Sian Dunn,France,2024-07-24
C00939,Dr Sheila Birch,Unknown,2024-05-23
C00940,Beverley Hall-Wilson,United Kingdom,2024-02-04
C00941,Robert Hayes,Germany,2024-07-27
C00942,Anthony Cunningham,United Kingdom,2025-06-24
C00943,Dr Billy Wilson,Germany,2024-09-24
C00944,Dr Elliot Fletcher,Ireland,2024-02-17
C00945,Frank Allen,United Kingdom,2025-02-19
C00946,Kieran Ferguson,United Kingdom,2024-07-02
C00947,Mr Tony Bradshaw,Netherlands,2025-12-02
C00948,Mr Darren Wells,United Kingdom,2025-02-05
C00949,Jennifer Page,Netherlands,2024-12-14
C00950,Samantha Thomas,France,2025-09-19
C00951,Charlie Lawson,Ireland,2024-03-01
C00952,Liam Lee,Netherlands,2025-09-30
C00953,Mrs Tracey McCarthy,Netherlands,2024-07-19
C00954,Ben Baxter,Germany,2024-11-04
C00955,Thomas Fitzgerald,United Kingdom,2025-02-07
C00956,Elliot Gill,Germany,2025-04-28
C00957,Ms Anne Sullivan,United Kingdom,2024-03-28
C00958,Mr Alexander Moore,United Kingdom,2025-03-28
C00959,Dr Max Shaw,United Kingdom,2024-03-19
C00960,Miss Lorraine Waters,United Kingdom,2025-11-12
C00961,Frank Thomas,United Kingdom,2025-03-20
C00962,Ms Rosie Jenkins,United Kingdom,2024-08-01
C00963,Mrs Andrea Ball,Germany,2025-06-22
C00964,Terence Parker-Jones,Netherlands,2024-09-14
C00965,Mrs Judith Warren,Unknown,2024-07-27
C00966,Olivia Watts-Taylor,United Kingdom,2024-08-23
C00967,Pauline Macdonald,United Kingdom,2025-06-15
C00968,Shaun Phillips,France,2025-07-31
C00969,Brandon Archer,United Kingdom,2024-11-19
C00970,Yvonne Cox,France,2024-12-09
C00971,Christian Perry,United Kingdom,2025-08-12
C00972,Mr Ryan Kemp,United Kingdom,2025-02-04
C00973,Ms Marian Shaw,Germany,2025-01-28
C00974,Alison Gardiner,France,2024-01-23
C00975,Mr Harry Rhodes,United Kingdom,2024-06-04
C00976,Ms Valerie Chan,United Kingdom,2024-02-09
C00977,Joe Woods,United Kingdom,2024-12-26
C00978,Stephen Smith,Netherlands,2024-04-06
C00979,Francis Williamson,United Kingdom,2025-01-14
C00980,Billy Fisher,United Kingdom,2025-11-07
C00981,Danielle Morris,United Kingdom,2024-09-24
C00982,Jean Day,France,2025-06-19
C00983,Jemma Porter,United Kingdom,2024-02-08
C00984,Mr Brandon Wilson,United Kingdom,2024-06-15
C00985,Gail Bolton-Brown,United Kingdom,2024-06-09
C00986,Mr Frank Walker,Ireland,2025-08-29
C00987,Abbie Roberts,Netherlands,2025-05-17
C00988,Katy Nelson-Rogers,United Kingdom,2024-06-22
C00989,Ashley Douglas,Ireland,2025-07-04
C00990,Dr Bernard Smith,United Kingdom,2024-10-19
C00991,Annette Reynolds-Johnson,United Kingdom,2024-12-28
C00992,Sarah Lewis,United Kingdom,2025-03-29
C00993,Dr Leonard Miah,United Kingdom,2025-05-29
C00994,Leanne Richardson-Jones,United Kingdom,2025-04-18
C00995,Frances Rose-White,Netherlands,2024-09-18
C00996,Victor Burns-Burrows,United Kingdom,2025-05-24
C00997,Jacqueline Nelson,United Kingdom,2025-08-17
C00998,Dr Mohamed Newton,United Kingdom,2025-09-15
C00999,James Lynch-Turner,Netherlands,2024-04-18
C01000,Dr Georgina Pratt,Germany,2024-07-20
C01001,Mitchell Sharp-Ward,United Kingdom,2025-03-28
C01002,Amelia Wilkinson,United Kingdom,2025-07-08
C01003,Albert Evans,United Kingdom,2025-09-01
C01004,Mr Hugh Hawkins,Netherlands,2024-08-21
C01005,Sophie Jones-Cox,United Kingdom,2024-05-20
C01006,Mr Maurice Lyons,United Kingdom,2025-07-17
C01007,Natalie Evans,United Kingdom,2025-05-23
C01008,Dr Rhys Greenwood,United Kingdom,2025-08-01
C01009,Miss Eileen Harris,Germany,2024-09-14
C01010,Marie Collier,United Kingdom,2025-10-23
C01011,Gregory Curtis,United Kingdom,2025-05-07
C01012,Lewis Knight,United Kingdom,2024-02-25
C01013,Karl Hill,United Kingdom,2025-11-04
C01014,Sharon Khan,United Kingdom,2024-11-16
C01015,Dr Ruth Lawrence,Germany,2024-06-04
C01016,Sally Taylor,United Kingdom,2024-12-21
C01017,Mr Norman Ross,United Kingdom,2024-05-20
C01018,Mrs Sarah Price,United Kingdom,2024-05-17
C01019,Mr Gerard Miller,United Kingdom,2024-06-11
C01020,Mr Gary Flynn,Ireland,2025-01-15
C01021,Dr Shirley Arnold,United Kingdom,2025-05-07
C01022,Karen Ashton,United Kingdom,2024-10-24
C01023,Mrs Georgia Peacock,France,2025-07-21
C01024,Julie Davies,United Kingdom,2025-02-16
C01025,Harry Wilson-Hawkins,United Kingdom,2025-05-01
C01026,Jane Cooper,France,2024-08-30
C01027,Jennifer Collins-Thomas,United Kingdom,2025-04-02
C01028,Elliot Anderson,Germany,2024-08-13
C01029,Ms Kerry Turner,United Kingdom,2024-09-19
C01030,Ms Jennifer Wells,United Kingdom,2025-01-15
C01031,Dr John Wilson,United Kingdom,2025-12-14
C01032,Bethany Hunter,United Kingdom,2025-07-18
C01033,Graham Lees,United Kingdom,2025-04-03
C01034,Jack Patel,United Kingdom,2025-07-06
C01035,Brenda Johnson-Wright,United Kingdom,2025-05-12
C01036,Alexander Lambert,Germany,2024-02-07
C01037,Beth Clark,United Kingdom,2024-01-16
C01038,Mrs Harriet Smith,United Kingdom,2024-12-11
C01039,Clare Booth,United Kingdom,2025-06-29
C01040,Kathleen Burton,United Kingdom,2025-05-04
C01041,Elliot Dixon,Ireland,2024-03-19
C01042,Brian Fletcher-Sutton,United Kingdom,2025-04-15
C01043,Dylan Hardy-Clark,Ireland,2025-02-01
C01044,Nigel John,United Kingdom,2024-03-23
C01045,Amber Simpson-Evans,Ireland,2025-08-27
C01046,Amanda Thomas-Hughes,United Kingdom,2024-11-14
C01047,Cameron Butcher-Harper,United Kingdom,2024-06-10
C01048,Victoria Lee,United Kingdom,2025-06-05
C01049,Keith Wells,Netherlands,2025-06-03
C01050,Ian Wood,United Kingdom,2025-08-28
C01051,Sian Wilson-Scott,Germany,2024-03-19
C01052,Kate Parker-Bradley,France,2024-08-17
C01053,Donna Evans,United Kingdom,2025-11-09
C01054,Dr Amy Green,United Kingdom,2025-06-09
C01055,Rebecca Davis,Netherlands,2025-08-11
C01056,Graham Mills,United Kingdom,2025-05-30
C01057,Graeme Phillips,United Kingdom,2025-11-25
C01058,Joanna Bradley,United Kingdom,2025-07-23
C01059,Suzanne Matthews,United Kingdom,2024-05-22
C01060,Lorraine Marshall-Jones,United Kingdom,2024-12-20
C01061,Jake Clark,France,2024-11-23
C01062,Robert Robinson-Watts,United Kingdom,2025-06-24
C01063,Dr Ruth Davies,United Kingdom,2024-03-21
C01064,Karl Marsh,United Kingdom,2024-05-20
C01065,Amelia Shaw,United Kingdom,2025-04-19
C01066,Jodie Wall,United Kingdom,2025-07-18
C01067,Dr Gemma Collins,United Kingdom,2024-03-28
C01068,Mrs Lindsey Taylor,United Kingdom,2025-05-23
C01069,Mr Albert Wong,United Kingdom,2025-02-11
C01070,Leigh Harrison,Netherlands,2025-02-07
C01071,Ms Jodie Ward,United Kingdom,2024-03-14
C01072,Alex Bray,United Kingdom,2025-06-09
C01073,Stewart Holloway,United Kingdom,2025-10-03
C01074,Tina Baker,United Kingdom,2025-05-14
C01075,Jake Tucker,Ireland,2025-10-23
C01076,Ms Maria Morgan,Germany,2025-01-16
C01077,Nathan Walton,United Kingdom,2024-02-09
C01078,Ms Hannah Nicholls,Ireland,2024-10-21
C01079,Francis Nicholson,Ireland,2025-09-14
C01080,Charles Iqbal,United Kingdom,2025-01-22
C01081,Toby Brown-Ahmed,United Kingdom,2025-01-21
C01082,Henry Savage,United Kingdom,2024-01-28
C01083,Dr Conor Moore,United Kingdom,2024-03-11
C01084,Julian Giles,Unknown,2025-05-23
C01085,Mr Nathan Watts,United Kingdom,2024-10-09
C01086,Dylan Foster,United Kingdom,2024-09-14
C01087,Justin Edwards,United Kingdom,2025-07-10
C01088,Lydia Morton,United Kingdom,2024-03-29
C01089,Miss Harriet Bishop,United Kingdom,2024-09-22
C01090,Gemma Wheeler,United Kingdom,2025-06-29
C01091,Yvonne Dean,France,2025-01-17
C01092,Barbara O'Neill,United Kingdom,2025-04-19
C01093,Ms Fiona West,Germany,2025-10-23
C01094,Leslie Dean-Carroll,United Kingdom,2024-05-28
C01095,Tom Fox,United Kingdom,2025-12-20
C01096,Bernard Slater,Ireland,2025-08-22
C01097,Rachael Burgess,Germany,2025-01-26
C01098,Julia Hudson,United Kingdom,2025-07-25
C01099,Cameron Bennett,United Kingdom,2025-10-13
C01100,Rita Whitehead,United Kingdom,2025-08-29
C01101,Mr Lee Cooper,United Kingdom,2025-07-21
C01102,Shaun Pollard,United Kingdom,2025-04-11
C01103,Ms Valerie Simmons,United Kingdom,2024-10-25
C01104,Kimberley Nelson-Khan,United Kingdom,2024-09-23
C01105,Douglas Burns-Harrison,Ireland,2025-04-12
C01106,Ms Caroline Kelly,France,2025-10-30
C01107,Amelia Ward-Davies,Ireland,2025-07-08
C01108,Craig Heath,Netherlands,2025-07-05
C01109,Shaun Ellis,United Kingdom,2025-06-23
C01110,Dr Eileen Tyler,United Kingdom,2025-08-13
C01111,Gavin Davies-Lawrence,United Kingdom,2025-06-02
C01112,Kirsty Mann-Norris,United Kingdom,2025-02-18
C01113,Ms Margaret Davies,United Kingdom,2024-01-20
C01114,Amanda Robinson-Richardson,United Kingdom,2024-06-04
C01115,Mr Leigh Leonard,United Kingdom,2024-04-23
C01116,Mr Antony Bradley,Germany,2024-06-07
C01117,Tom Cox,United Kingdom,2024-03-20
C01118,Josephine Moore,Ireland,2025-11-02
C01119,Damien Hussain,Unknown,2024-07-03
C01120,Janice Cooper,Germany,2025-05-31
C01121,Charles Morgan,Germany,2025-09-04
C01122,Hayley Martin,Netherlands,2024-02-11
C01123,Dr Nathan Walker,Germany,2025-11-05
C01124,Brandon Owen-Fox,United Kingdom,2025-07-01
C01125,Nigel Russell,United Kingdom,2025-07-27
C01126,Rosemary Williamson-Richardson,United Kingdom,2024-05-30
C01127,Molly Baldwin,France,2024-05-25
C01128,Miss Ashleigh Pritchard,Germany,2024-02-01
C01129,Scott Bailey,United Kingdom,2024-05-04
C01130,Martin Thomas-Murray,United Kingdom,2024-12-28
C01131,Aimee Richards,Ireland,2025-04-08
C01132,Grace Pearson-Walton,United Kingdom,2025-05-29
C01133,Dr Marcus Lloyd,United Kingdom,2024-02-26
C01134,Joshua Fitzgerald,United Kingdom,2024-05-22
C01135,Dr Joanne Stone,France,2024-05-03
C01136,Joyce Ross,United Kingdom,2025-11-17
C01137,Gillian Giles-Richards,United Kingdom,2024-10-07
C01138,Victor Bailey,United Kingdom,2025-01-03
C01139,Dr Alice Franklin,United Kingdom,2025-06-03
C01140,Adrian Schofield,United Kingdom,2025-04-21
C01141,Dr Amy Cooper,Ireland,2025-06-14
C01142,Patrick Jennings-Lewis,United Kingdom,2025-02-23
C01143,Dr June Thomas,United Kingdom,2025-08-21
C01144,Lewis Potter,United Kingdom,2025-11-28
C01145,Jennifer Page,United Kingdom,2024-03-04
C01146,Vincent Bailey,Ireland,2025-08-23
C01147,Hollie Johnson,Ireland,2024-02-20
C01148,Dr Lee Martin,United Kingdom,2024-06-14
C01149,Charlie Willis-Singh,United Kingdom,2025-10-05
C01150,Martin Brown,United Kingdom,2025-08-03
C01151,Mrs Tracey Ford,United Kingdom,2025-07-10
C01152,Dr Ricky Bruce,United Kingdom,2024-05-18
C01153,Danielle Miles,United Kingdom,2025-09-30
C01154,Reece Williams,United Kingdom,2024-12-16
C01155,Mrs Brenda Bailey,United Kingdom,2024-01-14
C01156,Ryan Davey,United Kingdom,2025-07-13
C01157,Diana Baker,United Kingdom,2025-03-30
C01158,Alexander Harris,United Kingdom,2024-10-04
C01159,Katy Hopkins-Miller,Ireland,2025-06-16
C01160,Dr Joyce Holland,United Kingdom,2024-12-05
C01161,Jamie Khan,United Kingdom,2024-05-01
C01162,Dr Elliott Connor,United Kingdom,2024-10-30
C01163,Dr Christopher Fisher,United Kingdom,2025-06-10
C01164,Helen Thomas,United Kingdom,2025-03-07
C01165,Dominic Powell,United Kingdom,2025-03-20
C01166,Kelly Morris-Cooke,United Kingdom,2024-03-07
C01167,Chelsea Howe,United Kingdom,2024-09-24
C01168,Steven Walsh,United Kingdom,2025-10-23
C01169,Malcolm Chamberlain,United Kingdom,2024-06-20
C01170,Glen Davis,United Kingdom,2024-05-20
C01171,Dr Brandon Parry,United Kingdom,2025-10-23
C01172,Joshua Smith,United Kingdom,2024-08-13
C01173,Gregory Jones-Butcher,United Kingdom,2024-06-02
C01174,Toby Henry,United Kingdom,2024-04-09
C01175,Joshua Lyons,United Kingdom,2024-08-09
C01176,Eric Mills,Ireland,2024-09-03
C01177,Rita Jackson-Armstrong,United Kingdom,2025-05-27
C01178,Dr Allan Thompson,United Kingdom,2024-10-10
C01179,Natalie Ellis,Ireland,2024-08-31
C01180,Miss Paula Macdonald,Unknown,2025-05-12
C01181,Dr Kate Williams,Germany,2025-07-23
C01182,June Fisher-Jarvis,Germany,2025-08-24
C01183,Olivia Taylor,United Kingdom,2025-04-16
C01184,Nigel Smith,France,2024-04-18
C01185,Ian Wood,United Kingdom,2025-11-19
C01186,Tina Mistry,United Kingdom,2025-11-23
C01187,Gregory Gibbons,France,2025-09-23
C01188,Karen Fisher,France,2025-04-03
C01189,Damian Lambert,United Kingdom,2025-02-26
C01190,Dr Jade Norman,United Kingdom,2024-04-25
C01191,Jacob Browne-Knight,Ireland,2025-04-02
C01192,Miss Lynda Boyle,United Kingdom,2024-03-11
C01193,Mr Douglas Davidson,United Kingdom,2024-07-04
C01194,Kim Wells,United Kingdom,2024-05-03
C01195,Mr Cameron Singh,United Kingdom,2025-05-27
C01196,June Barnes,Germany,2024-02-01
C01197,Ms Nicola King,United Kingdom,2024-07-24
C01198,Dr Gordon Jones,Germany,2025-02-06
C01199,Nicola Robinson,France,2024-12-19
C01200,Lindsey Morgan,United Kingdom,2024-09-08
C01201,Dr Wayne Whitehead,Germany,2025-05-07
C01202,Paige Lambert,United Kingdom,2025-03-18
C01203,Toby Sutton,United Kingdom,2024-10-10
C01204,Malcolm Patel,United Kingdom,2024-03-01
C01205,Jayne Stevenson,United Kingdom,2025-12-05
C01206,Dr Norman James,United Kingdom,2025-09-26
C01207,Paul Knight,United Kingdom,2025-11-20
C01208,Jake Wilson,United Kingdom,2024-04-17
C01209,Bradley Kelly,United Kingdom,2025-02-03
C01210,Paula Foster,United Kingdom,2024-05-25
C01211,Joyce Wilson,United Kingdom,2025-09-26
C01212,Mrs Jodie Davies,United Kingdom,2025-09-22
C01213,Naomi Wade,France,2025-01-07
C01214,Mrs Lesley Thomas,United Kingdom,2025-10-09
C01215,Jonathan Macdonald,Ireland,2025-03-21
C01216,Jemma Kennedy,Germany,2025-02-02
C01217,Katie Lewis-Stevenson,Germany,2024-05-09
C01218,John Shaw,United Kingdom,2025-03-13
C01219,Patrick May,United Kingdom,2025-07-19
C01220,Leon Turner,United Kingdom,2024-06-17
C01221,Graham Lloyd,United Kingdom,2025-11-04
C01222,Steven James,Ireland,2024-11-15
C01223,Mr Graeme Knowles,United Kingdom,2025-09-29
C01224,Amelia Ward,United Kingdom,2024-07-24
C01225,Bryan Rees,Ireland,2024-12-18
C01226,Ms Michelle Brown,United Kingdom,2024-10-20
C01227,Dr Keith Butler,Ireland,2025-02-10
C01228,Mohammad Foster,Ireland,2024-05-17
C01229,Mr Jordan Jones,United Kingdom,2025-11-12
C01230,Mathew Mason,France,2024-04-11
C01231,Dr Elliot Burton,United Kingdom,2025-11-27
C01232,Geraldine Hill,United Kingdom,2025-11-10
C01233,Dr Karl Dodd,United Kingdom,2024-06-27
C01234,Damien Allen-Field,France,2025-09-16
C01235,Connor Walker,United Kingdom,2024-07-16
C01236,Abbie Hawkins-Hanson,United Kingdom,2024-03-06
C01237,Carolyn Reid,United Kingdom,2024-05-26
C01238,Elliot Hardy,United Kingdom,2024-01-06
C01239,Ms Beth Roberts,United Kingdom,2024-01-06
C01240,Mrs Ann Pickering,United Kingdom,2024-11-13
C01241,Danielle Davis-Davison,United Kingdom,2025-03-30
C01242,Ashley Chambers,United Kingdom,2024-10-11
C01243,Mr Russell Fisher,United Kingdom,2024-11-04
C01244,Craig Middleton,United Kingdom,2025-03-09
C01245,Malcolm Scott,United Kingdom,2025-03-07
C01246,Dr Diane Davis,Germany,2025-03-24
C01247,Pauline Williams,United Kingdom,2025-05-27
C01248,Carol Stevens,France,2025-06-27
C01249,Dr Henry Flynn,Germany,2024-11-07
C01250,Richard Walsh-Arnold,United Kingdom,2025-06-15
C01251,Mr Liam Jones,United Kingdom,2024-01-05
C01252,Mrs Charlotte Smith,United Kingdom,2025-04-11
C01253,Katy Thomas,United Kingdom,2024-10-15
C01254,Miss Hilary Tomlinson,Germany,2024-10-25
C01255,Mr Stanley Hughes,France,2025-08-23
C01256,Lydia Begum,United Kingdom,2024-01-09
C01257,Alison Rhodes-Foster,Germany,2025-02-06
C01258,Connor Richards-Davies,United Kingdom,2025-02-04
C01259,Jill Savage,United Kingdom,2024-10-06
C01260,Valerie Marsh,United Kingdom,2024-05-02
C01261,Joe Stevenson,United Kingdom,2024-10-01
C01262,Thomas Pratt,United Kingdom,2024-06-04
C01263,Harriet Kirby,United Kingdom,2024-02-23
C01264,Iain Godfrey,France,2025-10-06
C01265,Jade Butler-Chamberlain,United Kingdom,2025-09-25
C01266,Mrs Danielle Jarvis,Ireland,2025-12-23
C01267,Heather Ford,United Kingdom,2025-01-28
C01268,Mrs Molly Andrews,United Kingdom,2024-08-16
C01269,Gerard Smith,United Kingdom,2025-11-11
C01270,Dr Lesley Reed,United Kingdom,2024-12-09
C01271,Maurice Hall,United Kingdom,2025-08-25
C01272,Mr Cameron Clark,United Kingdom,2025-03-31
C01273,Ms Annette Harrison,United Kingdom,2024-02-22
C01274,Dr Stacey Lewis,Unknown,2025-09-13
C01275,Wayne Smith-Green,United Kingdom,2024-01-08
C01276,Ronald Wallis-Begum,United Kingdom,2025-06-07
C01277,Miss Gillian Lawrence,United Kingdom,2025-01-05
C01278,Bethan Begum,United Kingdom,2024-07-27
C01279,Oliver Henry,Germany,2024-05-27
C01280,Dr Timothy Wilson,United Kingdom,2024-07-07
C01281,Rosie Evans,United Kingdom,2025-10-10
C01282,Elizabeth Wall,United Kingdom,2025-08-28
C01283,Louis Flynn,United Kingdom,2025-06-08
C01284,Mr Cameron Hyde,United Kingdom,2025-08-16
C01285,Gerard Taylor,Ireland,2024-09-01
C01286,Kathryn White,United Kingdom,2025-01-16
C01287,Mr Richard Carey,France,2024-06-21
C01288,Mathew Higgins,France,2024-11-24
C01289,Ms Fiona Stewart,United Kingdom,2024-09-26
C01290,Bernard Saunders,Unknown,2025-06-26
C01291,Hazel Kelly,United Kingdom,2024-01-07
C01292,Maureen Evans,United Kingdom,2025-03-27
C01293,Lucy Parry-Smith,Unknown,2025-10-31
C01294,Ronald Owen,United Kingdom,2025-01-01
C01295,Ms Anna Harrison,United Kingdom,2025-01-22
C01296,Dr Olivia Price,United Kingdom,2024-10-16
C01297,Carly Vincent,Netherlands,2025-03-19
C01298,Abigail Roberts,United Kingdom,2025-09-24
C01299,Dr Sandra Lane,United Kingdom,2025-03-07
C01300,Jenna Nelson,Germany,2025-07-27
C01301,Dr Mary Turner,Germany,2024-05-17
C01302,Garry Wilkinson,United Kingdom,2025-10-21
C01303,Dr Kieran Smith,Germany,2024-09-02
C01304,Peter Matthews,Ireland,2025-10-28
C01305,Emma Stevens,United Kingdom,2025-06-20
C01306,Guy Glover,United Kingdom,2024-07-16
C01307,Miss Paula Evans,United Kingdom,2025-08-01
C01308,Dr Kyle Brown,United Kingdom,2025-03-09
C01309,Ms Carly Allen,United Kingdom,2024-04-04
C01310,Nicholas Robinson,United Kingdom,2025-05-19
C01311,Miss Hazel Dennis,United Kingdom,2024-08-09
C01312,Francis Ball-Palmer,United Kingdom,2025-08-24
C01313,Guy Andrews,Netherlands,2024-08-10
C01314,Frances Mann,United Kingdom,2025-11-05
C01315,Dr Deborah Hooper,United Kingdom,2024-09-19
C01316,Sally Saunders,United Kingdom,2024-09-23
C01317,Aaron Butler-Byrne,United Kingdom,2024-08-14
C01318,Jeremy Morris,Germany,2025-11-20
C01319,Russell Thompson,United Kingdom,2025-02-08
C01320,Samantha Wood,Ireland,2025-10-25
C01321,Diana Banks-Kelly,Germany,2025-05-29
C01322,Sophie Collins,France,2024-11-04
C01323,Henry Collier,United Kingdom,2025-11-13
C01324,Mrs Jane Smith,Unknown,2025-08-21
C01325,Jill Begum,Ireland,2024-04-30
C01326,Pauline Smith-Abbott,United Kingdom,2024-10-29
C01327,Emily Hill,United Kingdom,2025-05-01
C01328,Christine Adams,United Kingdom,2024-05-12
C01329,Dr Joan Simpson,Germany,2025-10-30
C01330,Harriet Williams-Morgan,Ireland,2025-02-23
C01331,Craig Wright,Germany,2025-06-25
C01332,Elliott Shaw,United Kingdom,2024-12-20
C01333,Stanley Dawson,United Kingdom,2024-12-03
C01334,Dr Kayleigh Wilson,Unknown,2024-08-28
C01335,Carl Owen,United Kingdom,2024-03-10
C01336,Kathleen Boyle,United Kingdom,2024-07-20
C01337,Mr Kyle Hussain,United Kingdom,2025-02-10
C01338,Beth Woodward,United Kingdom,2025-02-19
C01339,Kieran Bailey,Ireland,2025-08-09
C01340,Dr Joel Wilson,United Kingdom,2024-11-30
C01341,Christian Barrett,United Kingdom,2024-01-06
C01342,Charlie Byrne,United Kingdom,2025-11-16
C01343,Brandon Black-Owens,Germany,2024-05-06
C01344,Kirsty Johnson,United Kingdom,2024-07-23
C01345,Dr Patrick Brooks,Germany,2025-02-05
C01346,Dr Russell Kay,United Kingdom,2025-02-17
C01347,Mary Harris,Netherlands,2024-02-23
C01348,Dylan Price,Netherlands,2025-05-09
C01349,Duncan Kay,United Kingdom,2025-06-28
C01350,Jessica Morgan,United Kingdom,2024-01-16
C01351,Jane Bird,United Kingdom,2024-01-18
C01352,Gerald Wood-Barnes,United Kingdom,2024-04-07
C01353,Mandy Brennan,Netherlands,2024-04-27
C01354,Rachael Turner-Hall,Germany,2024-11-22
C01355,Maria Francis,Germany,2025-09-06
C01356,Jacqueline Phillips,United Kingdom,2025-08-05
C01357,Teresa Jones,United Kingdom,2024-10-31
C01358,Dr Karl Finch,United Kingdom,2024-05-29
C01359,Mr Alex Vaughan,France,2024-04-04
C01360,Christine Ryan,United Kingdom,2024-12-10
C01361,Mr Elliot King,United Kingdom,2025-07-25
C01362,Gordon Davies,Germany,2024-06-10
C01363,Ms Vanessa Briggs,Germany,2024-08-30
C01364,Elliot Blake,United Kingdom,2025-08-01
C01365,Kieran Ryan,Ireland,2025-01-08
C01366,Charlene Lloyd,United Kingdom,2025-11-20
C01367,Ellie Williams,France,2024-03-28
C01368,Valerie Jackson,United Kingdom,2024-01-12
C01369,Mr Christopher Morgan,United Kingdom,2024-11-03
C01370,Dr Leigh Anderson,Netherlands,2025-03-27
C01371,Mr Harry Fraser,United Kingdom,2024-10-15
C01372,Dylan Cook,United Kingdom,2024-03-11
C01373,Robert Howard,United Kingdom,2025-08-12
C01374,Diana Wilkinson,United Kingdom,2025-05-15
C01375,June Barnes,United Kingdom,2024-03-24
C01376,Dr Gerald Hunter,United Kingdom,2025-03-09
C01377,Roy Evans-Macdonald,United Kingdom,2024-01-17
C01378,June Cole,Netherlands,2025-11-29
C01379,Kayleigh Harrison-Barrett,United Kingdom,2025-03-10
C01380,Clive Turnbull,United Kingdom,2024-05-24
C01381,Abbie Austin-Naylor,Netherlands,2024-12-29
C01382,Martin Patterson,Germany,2024-02-23
C01383,Kayleigh Owen-Savage,United Kingdom,2025-09-28
C01384,Karl Hunter,Germany,2025-05-10
C01385,Rosie Baxter,United Kingdom,2025-11-16
C01386,Trevor Potter,United Kingdom,2025-08-25
C01387,Max Little,Germany,2024-02-19
C01388,Maurice Stephenson,United Kingdom,2024-05-27
C01389,Irene Bird,United Kingdom,2025-03-04
C01390,Shaun Griffiths,Ireland,2024-11-14
C01391,Joshua Thomas,United Kingdom,2025-02-10
C01392,Louise Wong,United Kingdom,2025-12-29
C01393,June Lucas,United Kingdom,2024-06-05
C01394,Danny Lee,United Kingdom,2024-01-25
C01395,Marcus Johnson,Germany,2025-05-26
C01396,Jessica Owen-Butler,United Kingdom,2025-04-03
C01397,Kelly Lynch,Ireland,2024-02-25
C01398,Mr Donald Roberts,United Kingdom,2025-12-22
C01399,Dr Sheila James,United Kingdom,2024-02-17
C01400,Dr Arthur Thomas,United Kingdom,2024-02-15
C01401,Dr Ian Curtis,United Kingdom,2024-02-24
C01402,Carol Wood,United Kingdom,2025-02-07
C01403,Ms Alison Carey,United Kingdom,2025-02-16
C01404,Terry May,Germany,2024-07-12
C01405,Ricky Allan-Webb,United Kingdom,2025-03-09
C01406,Antony Davies,United Kingdom,2025-05-11
C01407,Allan Young,France,2025-06-29
C01408,Mr Henry Alexander,United Kingdom,2024-05-09
C01409,Jason Wilkinson,United Kingdom,2024-09-19
C01410,Edward Poole,United Kingdom,2025-04-10
C01411,Miss Chelsea Miller,United Kingdom,2025-03-03
C01412,Dr Leon Smith,United Kingdom,2024-11-30
C01413,Paige Miller,United Kingdom,2025-02-27
C01414,Scott Evans-Price,United Kingdom,2025-12-20
C01415,Christine Robinson,United Kingdom,2024-11-04
C01416,Jayne Kirk,United Kingdom,2025-04-07
C01417,Sarah Hodgson-Morton,United Kingdom,2025-11-22
C01418,Mrs Beth Fuller,United Kingdom,2025-10-26
C01419,Conor Humphreys,Netherlands,2025-12-14
C01420,Martin Green,United Kingdom,2025-12-20
C01421,Ms Diane Pritchard,United Kingdom,2024-12-23
C01422,Harry Barnes,United Kingdom,2025-11-21
C01423,Joanne Tyler-Pearce,Netherlands,2025-09-21
C01424,Ian Wood-James,United Kingdom,2024-06-17
C01425,Leigh Campbell,United Kingdom,2024-05-14
C01426,Hilary Graham,United Kingdom,2025-09-28
C01427,Gerard Palmer-Porter,United Kingdom,2024-01-30
C01428,Dr Clive Shaw,Netherlands,2025-12-17
C01429,Mrs Pauline Morris,United Kingdom,2024-12-03
C01430,Christopher Thomson,United Kingdom,2025-10-21
C01431,Mrs Natasha Barry,Germany,2025-05-06
C01432,Lawrence Burrows,United Kingdom,2024-09-05
C01433,Jamie Gould-Davies,Ireland,2025-01-25
C01434,Joel Allen,United Kingdom,2024-11-01
C01435,Alexandra Harris,Ireland,2024-03-10
C01436,Emily Holt,Ireland,2024-11-02
C01437,Peter French,United Kingdom,2025-01-04
C01438,Suzanne Knight,United Kingdom,2024-07-22
C01439,Gary Carter-Jones,United Kingdom,2025-08-24
C01440,Joe Riley,Germany,2024-06-02
C01441,Mohammad Turner,United Kingdom,2024-06-01
C01442,Lesley Hammond,Ireland,2025-02-11
C01443,Miss Amelia Bennett,United Kingdom,2025-08-26
C01444,Hollie Ali,United Kingdom,2024-03-10
C01445,Ms Georgia Ward,United Kingdom,2024-10-10
C01446,Natasha Thompson,Germany,2025-05-24
C01447,Ross Johnson,United Kingdom,2024-09-28
C01448,Megan Ryan,Ireland,2024-12-08
C01449,Patricia Clark,United Kingdom,2024-10-17
C01450,Rosie Bennett,United Kingdom,2024-02-12
C01451,Dr Thomas Ward,United Kingdom,2025-11-05
C01452,Natasha Power,United Kingdom,2025-09-16
C01453,Ms Sara Kelly,United Kingdom,2024-01-18
C01454,Callum Parry,Netherlands,2025-02-28
C01455,Steven Booth-King,United Kingdom,2025-04-28
C01456,Mohamed Hill,Netherlands,2024-10-19
C01457,Emma Abbott,United Kingdom,2024-07-17
C01458,Dylan Dixon-Hall,United Kingdom,2025-09-04
C01459,Georgina Benson,Ireland,2024-01-07
C01460,Dr Alexander Brown,United Kingdom,2025-05-29
C01461,Alex Wilson,United Kingdom,2025-11-04
C01462,Owen Spencer,Germany,2024-10-22
C01463,Joel Hill,France,2024-09-02
C01464,Lynda Morgan,United Kingdom,2024-05-24
C01465,Mark Thomas-Woodward,United Kingdom,2025-03-11
C01466,Dr Lynn Morris,United Kingdom,2024-08-24
C01467,Miss Stacey Johnson,France,2024-01-15
C01468,Ashley Barker,Ireland,2024-07-02
C01469,Georgina Ball-Bradley,France,2025-05-01
C01470,Bradley Wilson,United Kingdom,2024-01-23
C01471,Ms Tracey Elliott,Netherlands,2024-09-22
C01472,Stewart Wong,United Kingdom,2025-02-08
C01473,Lynne Smith,United Kingdom,2025-06-17
C01474,Miss Sylvia Mills,France,2024-04-28
C01475,Clare Riley,United Kingdom,2025-02-25
C01476,Glenn Roberts,Germany,2025-03-27
C01477,Denise Holmes,Ireland,2025-10-31
C01478,Joseph Sykes,United Kingdom,2025-11-28
C01479,Mr Toby Begum,United Kingdom,2025-12-07
C01480,Katherine Townsend,Germany,2025-12-13
C01481,Darren Gallagher-Bryant,United Kingdom,2025-02-17
C01482,Stephen Miller-Shaw,United Kingdom,2024-04-23
C01483,Miss Melissa Morris,United Kingdom,2024-11-17
C01484,Ashley Wyatt,United Kingdom,2025-09-30
C01485,Emily Gallagher,United Kingdom,2024-05-25
C01486,Mohammad Phillips,United Kingdom,2025-08-15
C01487,Connor Anderson,United Kingdom,2025-03-16
C01488,James Evans,United Kingdom,2024-06-28
C01489,Dr Joseph Kerr,United Kingdom,2025-06-18
C01490,Victor Patel,United Kingdom,2025-04-14
C01491,Dr Jenna Khan,France,2025-10-23
C01492,Christine Hanson,United Kingdom,2024-05-30
C01493,Chelsea Wilson-Davies,Netherlands,2024-01-12
C01494,Mr Ryan Williamson,United Kingdom,2024-06-06
C01495,Dr Leigh Rose,Netherlands,2024-12-07
C01496,Shirley Gibbons,Netherlands,2024-12-21
C01497,Karl Atkinson,United Kingdom,2024-02-02
C01498,Mitchell Wright,United Kingdom,2024-11-02
C01499,Jay Greenwood,United Kingdom,2025-02-11
C01500,Kimberley Murphy,Germany,2025-02-08
C01501,Lesley Joyce,United Kingdom,2025-11-12
C01502,Michael Bevan-Lewis,Netherlands,2024-11-03
C01503,Barbara Harris,United Kingdom,2025-05-04
C01504,Dawn Hall-Oliver,United Kingdom,2024-11-05
C01505,Beth Lewis,Germany,2025-04-21
C01506,Brandon Price,United Kingdom,2024-04-20
C01507,William Gardner,United Kingdom,2025-07-15
C01508,Abdul Kirk-Ali,Ireland,2025-03-30
C01509,Louise Price,United Kingdom,2024-12-16
C01510,Oliver Young-Green,United Kingdom,2025-11-27
C01511,Victor Walker-Roberts,United Kingdom,2024-09-08
C01512,Benjamin Green-Cole,United Kingdom,2025-07-11
C01513,Mrs Marian Goddard,United Kingdom,2025-05-07
C01514,Mr Roy Walton,Netherlands,2025-07-18
C01515,Mr Mohammed Armstrong,United Kingdom,2024-02-04
C01516,Mr Jonathan Taylor,Ireland,2025-05-27
C01517,Mr Rhys Brookes,United Kingdom,2024-05-18
C01518,Dr Gareth Johnson,United Kingdom,2025-07-21
C01519,Caroline Harper,United Kingdom,2024-04-01
C01520,Linda Hale-Davis,United Kingdom,2025-08-17
C01521,Mr Leon Young,United Kingdom,2025-02-26
C01522,Francesca Knowles,United Kingdom,2024-07-03
C01523,Dr Hannah Foster,Ireland,2024-12-18
C01524,Harriet White,United Kingdom,2024-01-06
C01525,Stuart Parker,United Kingdom,2025-05-03
C01526,Jill Stone,United Kingdom,2024-04-25
C01527,Mr Brett Whitehead,United Kingdom,2024-04-22
C01528,Maria Wall-Parker,United Kingdom,2025-04-13
C01529,Amanda Davies,United Kingdom,2024-11-19
C01530,Denis Harrison,Netherlands,2025-04-19
C01531,Mr Julian Morris,United Kingdom,2025-03-20
C01532,Joanne Read,France,2024-10-06
C01533,Dr Janet Reed,United Kingdom,2024-09-07
C01534,Ryan Harris,United Kingdom,2025-10-17
C01535,Rita Taylor,Germany,2024-04-14
C01536,Russell Whittaker,United Kingdom,2024-09-12
C01537,Irene Tomlinson,France,2025-06-24
C01538,Guy Hill-Nicholson,United Kingdom,2025-03-19
C01539,Josh McDonald-Fleming,United Kingdom,2025-07-16
C01540,Miss Danielle Whittaker,United Kingdom,2024-08-11
C01541,Ms Cheryl Moore,Germany,2025-04-29
C01542,Guy Stephenson-Mann,United Kingdom,2025-02-07
C01543,Connor Walters,United Kingdom,2025-11-17
C01544,Elizabeth Jennings,United Kingdom,2024-05-30
C01545,Mr Stuart Roberts,United Kingdom,2025-04-30
C01546,Mrs Zoe Stone,France,2024-11-18
C01547,Kenneth Brown,Germany,2025-09-18
C01548,Patrick Smith-Townsend,Ireland,2024-06-05
C01549,Henry Turnbull,France,2024-08-21
C01550,Amelia Ross,United Kingdom,2024-01-05
C01551,Glen Richards-Day,Germany,2024-11-03
C01552,Maria Lee,United Kingdom,2024-05-16
C01553,Shane Chadwick,United Kingdom,2025-12-17
C01554,Josephine Kirk,United Kingdom,2025-09-11
C01555,Bernard Norman,United Kingdom,2024-04-30
C01556,Dr Chelsea Murray,Germany,2025-02-21
C01557,Dr Lawrence Wood,United Kingdom,2024-02-13
C01558,Max Brown,United Kingdom,2024-09-02
C01559,Roger Roberts,United Kingdom,2025-03-24
C01560,Dr Ryan Morgan,Germany,2025-11-20
C01561,Mr Leslie Robinson,United Kingdom,2024-08-05
C01562,Jake Tyler,United Kingdom,2025-05-01
C01563,Hilary Clark,United Kingdom,2024-10-29
C01564,Dr Jay Taylor,United Kingdom,2025-08-30
C01565,Abigail Carroll,Netherlands,2025-07-05
C01566,Joanna Price,Ireland,2025-01-21
C01567,Marian Stokes,United Kingdom,2024-08-23
C01568,Mrs Caroline Johnston,Ireland,2024-03-28
C01569,James Roberts,Germany,2024-12-10
C01570,Martin Bates,United Kingdom,2025-12-03
C01571,Marcus Kemp,Netherlands,2025-12-18
C01572,Carol Fuller,United Kingdom,2024-09-11
C01573,Declan Turner,United Kingdom,2025-12-29
C01574,Jack Nicholls-Edwards,United Kingdom,2024-06-08
C01575,Sarah Kemp,United Kingdom,2025-02-09
C01576,Joel Carr,France,2024-02-04
C01577,Daniel Webb,Germany,2024-09-15
C01578,Dean Brown,United Kingdom,2025-08-18
C01579,Frances Norman-Potter,United Kingdom,2025-08-12
C01580,Valerie Kent-Griffin,Netherlands,2024-05-29
C01581,Abigail Burrows,United Kingdom,2025-06-05
C01582,Linda Hayward,France,2024-07-31
C01583,Lee Martin,United Kingdom,2025-03-10
C01584,Sam Dixon,United Kingdom,2024-09-29
C01585,Dr Mitchell Smith,United Kingdom,2025-07-01
C01586,Irene Norman-Henderson,United Kingdom,2024-02-25
C01587,Lauren Jones,United Kingdom,2024-02-09
C01588,Michelle Cooper,Ireland,2025-06-08
C01589,Dr Louise Cole,United Kingdom,2024-03-07
C01590,Guy Lee,Netherlands,2025-11-23
C01591,Mohammad Evans,France,2025-06-27
C01592,Mr Albert Law,Germany,2024-09-15
C01593,Dr Glen Clarke,United Kingdom,2024-03-02
C01594,Dr Anthony Murphy,United Kingdom,2025-09-23
C01595,Owen Perkins,United Kingdom,2025-06-15
C01596,Jade Wilkins,United Kingdom,2024-12-31
C01597,Callum Walker,United Kingdom,2025-11-26
C01598,Diana Bell,United Kingdom,2024-10-31
C01599,Dr Julian Jones,United Kingdom,2024-09-13
C01600,William Parsons,United Kingdom,2024-02-20
C01601,Mr Patrick Read,Netherlands,2024-12-24
C01602,Philip Buckley,United Kingdom,2025-04-14
C01603,Mr Ben Humphreys,United Kingdom,2024-11-11
C01604,Dr Vincent Hall,Ireland,2024-02-25
C01605,Ms Rosie Smith,United Kingdom,2025-04-03
C01606,Alex Collins,Germany,2024-05-03
C01607,Dr Charlie Swift,United Kingdom,2024-06-10
C01608,Denis Smith,Germany,2024-09-22
C01609,Ian Cox,United Kingdom,2025-05-29
C01610,Norman Clark,United Kingdom,2025-07-06
C01611,Ben Duffy,United Kingdom,2025-04-07
C01612,Craig Brookes,United Kingdom,2025-09-30
C01613,Abbie Griffiths,United Kingdom,2024-11-11
C01614,Karl Mills,Ireland,2025-09-24
C01615,Robert Green,United Kingdom,2025-05-15
C01616,Leah Cooke,United Kingdom,2025-09-26
C01617,Mr Liam Benson,United Kingdom,2025-05-09
C01618,Jacob Black,United Kingdom,2024-12-17
C01619,Nigel Martin,United Kingdom,2025-03-24
C01620,Miss Ruth James,Netherlands,2025-11-12
C01621,Marion Edwards-Austin,United Kingdom,2025-06-11
C01622,Christopher Talbot,Germany,2024-03-10
C01623,Ms Stephanie Farmer,United Kingdom,2025-01-31
C01624,Richard Savage,United Kingdom,2025-11-30
C01625,Dr William Taylor,United Kingdom,2025-03-10
C01626,Elaine Williams,United Kingdom,2025-11-03
C01627,Miss Janice Stevenson,United Kingdom,2025-04-03
C01628,Kenneth Adams,United Kingdom,2024-12-04
C01629,Barbara Duffy,United Kingdom,2025-01-03
C01630,Dr Ann Barber,United Kingdom,2025-10-17
C01631,Philip Macdonald,United Kingdom,2025-11-08
C01632,John Connor,Ireland,2024-02-25
C01633,Hugh Williams,Ireland,2025-11-18
C01634,Diane Graham,France,2024-04-15
C01635,Dr Damien Butler,Netherlands,2024-11-19
C01636,George Price,United Kingdom,2024-11-26
C01637,Eric Cooper,United Kingdom,2024-11-25
C01638,Kirsty Butler,United Kingdom,2024-06-24
C01639,Terence Ellis,United Kingdom,2025-03-24
C01640,Miss Christine Stewart,United Kingdom,2024-07-28
C01641,Jay Connolly,United Kingdom,2025-03-17
C01642,Leigh Francis,United Kingdom,2025-03-26
C01643,Marcus Robinson-Robinson,United Kingdom,2025-07-21
C01644,Joan Lewis-Norris,United Kingdom,2025-08-27
C01645,Lesley Jones,United Kingdom,2025-04-18
C01646,Albert Ferguson,United Kingdom,2025-07-30
C01647,Gregory Webster,Unknown,2025-05-07
C01648,Mrs Marie Price,France,2024-02-10
C01649,Mitchell Hunter,United Kingdom,2025-12-04
C01650,Miss Donna Thompson,United Kingdom,2024-11-23
C01651,Derek Wood,United Kingdom,2025-06-23
C01652,Emma Johnson-Whitehead,United Kingdom,2025-03-13
C01653,Lydia Scott,Ireland,2025-03-20
C01654,Graeme Payne-Jones,United Kingdom,2025-09-20
C01655,Ian Barton,United Kingdom,2024-04-08
C01656,Emily Richards-White,United Kingdom,2024-08-03
C01657,Victoria Butler,United Kingdom,2024-07-18
C01658,Keith Slater,United Kingdom,2025-12-07
C01659,Mr Callum Gill,Netherlands,2024-10-14
C01660,George Roberts,United Kingdom,2024-07-02
C01661,Kerry Robinson,Netherlands,2025-10-31
C01662,Martin Smart,United Kingdom,2024-04-22
C01663,Dr Elaine Benson,United Kingdom,2025-08-07
C01664,Jake Kelly,United Kingdom,2025-07-17
C01665,Dr Richard Graham,Unknown,2025-07-24
C01666,Mr Richard Thompson,France,2025-08-09
C01667,Derek Jones,United Kingdom,2024-11-05
C01668,Connor Palmer,United Kingdom,2025-08-07
C01669,Dr Holly Daly,United Kingdom,2025-07-02
C01670,Mrs Dawn Bennett,Germany,2025-11-06
C01671,Miss Jasmine Richardson,United Kingdom,2024-12-14
C01672,Brenda Todd,France,2024-02-01
C01673,Miss Zoe Dixon,Ireland,2025-10-17
C01674,Pamela Waters,Ireland,2025-09-15
C01675,Tom Morris,United Kingdom,2024-10-30
C01676,Billy Welch,United Kingdom,2025-07-24
C01677,Ms Sally French,United Kingdom,2025-02-07
C01678,Janet Brown,United Kingdom,2025-06-06
C01679,Lee Vincent,United Kingdom,2024-03-16
C01680,Jean Smith,United Kingdom,2024-09-30
C01681,Rosie Green,United Kingdom,2024-01-27
C01682,Hugh Lawrence,Ireland,2025-12-29
C01683,Stanley Blake,United Kingdom,2024-06-17
C01684,Sylvia Clarke,Netherlands,2024-04-03
C01685,Mr William Booth,United Kingdom,2025-05-24
C01686,Joan Benson-Wallis,United Kingdom,2024-07-15
C01687,Shirley Marshall-King,Netherlands,2024-12-18
C01688,Miss Amanda Porter,United Kingdom,2025-08-21
C01689,Mr Karl McCarthy,Germany,2024-08-03
C01690,Holly Williamson-Rees,United Kingdom,2024-02-16
C01691,Irene Gilbert,Netherlands,2025-12-22
C01692,Alexander Connor,Ireland,2025-05-16
C01693,Ms Cheryl Graham,United Kingdom,2025-08-20
C01694,Callum Webb,United Kingdom,2025-12-09
C01695,Jemma Wood,United Kingdom,2024-02-26
C01696,John Wheeler,United Kingdom,2025-08-26
C01697,Stanley Savage,United Kingdom,2024-04-25
C01698,Gordon Phillips,United Kingdom,2024-01-30
C01699,Dr Carly Harper,United Kingdom,2025-06-27
C01700,Dr Shane Williams,United Kingdom,2025-07-03
C01701,Joshua Henderson-Harper,United Kingdom,2025-10-17
C01702,Dr Benjamin Swift,United Kingdom,2025-06-19
C01703,Miss Bethan Stokes,United Kingdom,2025-12-27
C01704,Brandon Green,United Kingdom,2024-02-12
C01705,Dr Simon Gray,United Kingdom,2025-02-19
C01706,Dr Brandon Martin,Netherlands,2025-08-13
C01707,Lorraine Benson,Ireland,2025-03-06
C01708,Gordon Wheeler-Yates,United Kingdom,2024-08-20
C01709,Luke Young,United Kingdom,2024-10-06
C01710,Neil Davidson-O'Connor,Germany,2024-12-06
C01711,Trevor Jones,United Kingdom,2025-07-13
C01712,Dr Frederick Wilkinson,Ireland,2024-02-18
C01713,Dr John Sims,United Kingdom,2025-10-09
C01714,Mrs Nicole Hardy,Germany,2024-02-13
C01715,Brett Norris,United Kingdom,2025-09-18
C01716,Mr Gregory Barnes,United Kingdom,2025-06-10
C01717,Rachel Jones,Netherlands,2024-02-25
C01718,Dylan Thomas,United Kingdom,2024-01-15
C01719,Gary Brown,Germany,2025-06-28
C01720,Natasha Perry,Ireland,2025-05-06
C01721,Stewart Thompson,United Kingdom,2024-03-16
C01722,Michelle Clark,United Kingdom,2025-04-04
C01723,Mr Ryan Roberts,United Kingdom,2025-04-07
C01724,Dr Maureen O'Neill,Netherlands,2024-11-27
C01725,Abdul Khan,Germany,2025-06-15
C01726,Mr Daniel Wright,Ireland,2025-10-11
C01727,Elizabeth Robertson,United Kingdom,2024-09-17
C01728,Ms Geraldine Charlton,Ireland,2025-08-11
C01729,Adrian Bennett,United Kingdom,2024-05-08
C01730,Carol James,United Kingdom,2024-02-01
C01731,Roy Hobbs,United Kingdom,2025-05-06
C01732,Simon Bailey,Unknown,2024-01-13
C01733,Lindsey Riley,Germany,2024-05-19
C01734,Lynne Faulkner-James,United Kingdom,2025-11-19
C01735,Philip Martin-Dawson,United Kingdom,2025-01-04
C01736,Russell Smith,United Kingdom,2025-02-10
C01737,Denis Thomas,Netherlands,2024-05-15
C01738,Frederick Blackburn-Nicholson,United Kingdom,2024-05-19
C01739,Dr Clive Fletcher,United Kingdom,2025-10-03
C01740,Alison Hardy,United Kingdom,2025-03-09
C01741,Rosie Evans,United Kingdom,2025-02-15
C01742,Howard Lloyd,United Kingdom,2025-08-14
C01743,Hugh Martin,United Kingdom,2025-08-21
C01744,Victoria Roberts,Ireland,2024-02-11
C01745,Dr Frederick Noble,France,2025-06-16
C01746,Margaret Berry,France,2025-06-04
C01747,Marion Smith,Ireland,2024-08-09
C01748,Dr Daniel Webb,United Kingdom,2025-04-24
C01749,Craig Steele,United Kingdom,2024-02-10
C01750,Douglas Clark,United Kingdom,2024-01-23
C01751,Melissa Wright,United Kingdom,2025-11-26
C01752,Ms Annette Sutton,United Kingdom,2024-09-10
C01753,Mr Ben Wilson,United Kingdom,2024-06-27
C01754,Russell Taylor-Patel,United Kingdom,2024-07-03
C01755,Marie Grant,United Kingdom,2024-06-20
C01756,Ms Gillian Murray,France,2024-02-12
C01757,Georgina Patel,United Kingdom,2024-12-19
C01758,Lewis Donnelly-Simpson,United Kingdom,2024-12-21
C01759,Ms Christine Marshall,Ireland,2024-06-06
C01760,Mary Griffiths-Hall,Ireland,2024-02-16
C01761,Kerry Lloyd,United Kingdom,2024-11-20
C01762,Jason Pearson,United Kingdom,2024-08-17
C01763,Graham Whitehead,United Kingdom,2025-05-10
C01764,Mr Samuel Ali,United Kingdom,2025-03-05
C01765,Raymond Wright,United Kingdom,2025-02-09
C01766,Bradley Brown,United Kingdom,2025-10-12
C01767,Harry Smith-Williams,United Kingdom,2024-11-28
C01768,Keith Johnston,Netherlands,2024-06-21
C01769,Lynne Robinson,United Kingdom,2025-11-28
C01770,Howard Rhodes,United Kingdom,2024-02-01
C01771,Dr Geraldine Perry,United Kingdom,2025-02-16
C01772,Trevor Barlow,Ireland,2024-12-17
C01773,Rita Chandler,United Kingdom,2025-08-07
C01774,Eleanor Doyle,United Kingdom,2024-06-18
C01775,Julie Jones,Netherlands,2025-05-18
C01776,Lindsey Nicholls,Germany,2024-08-24
C01777,Iain Jennings-Murphy,United Kingdom,2025-03-19
C01778,Lindsey Stevenson,United Kingdom,2025-08-22
C01779,Dr Terry Hall,United Kingdom,2025-09-05
C01780,Aimee Bruce,United Kingdom,2025-05-06
C01781,Mohammed Hill-Doyle,Netherlands,2025-11-24
C01782,Geraldine Harding-Freeman,Germany,2025-08-07
C01783,Amelia Francis,Netherlands,2025-09-09
C01784,Mrs Molly Harding,Germany,2025-11-15
C01785,Mrs Victoria Cooper,United Kingdom,2025-06-08
C01786,Michael Owen,United Kingdom,2024-12-27
C01787,Leonard Cole,Ireland,2024-05-16
C01788,Timothy Khan-Goodwin,United Kingdom,2025-03-11
C01789,Gail Jones,United Kingdom,2025-02-23
C01790,Mr Nathan Potter,United Kingdom,2025-12-30
C01791,Lynda Davies-White,United Kingdom,2025-11-28
C01792,Miss Kimberley Jones,United Kingdom,2024-02-19
C01793,Mr Damian Ellis,United Kingdom,2025-02-13
C01794,Dr Eric Houghton,Netherlands,2025-06-10
C01795,Denis Law,United Kingdom,2025-09-13
C01796,Barbara Norman,United Kingdom,2025-11-16
C01797,Hannah Dickinson,United Kingdom,2024-12-21
C01798,Lisa Griffiths-White,United Kingdom,2024-05-18
C01799,Rachael Hayes,United Kingdom,2025-06-25
C01800,Terry Brown,United Kingdom,2024-06-07
C01801,Mathew Begum,United Kingdom,2024-11-19
C01802,Dr Melissa Rahman,United Kingdom,2025-01-03
C01803,Barbara Collins-Carr,United Kingdom,2024-01-17
C01804,Dr Russell Whitehead,United Kingdom,2024-06-29
C01805,Ben Jones,Ireland,2025-05-24
C01806,Arthur Gray-Williams,United Kingdom,2025-06-01
C01807,Gary Sutton,Ireland,2024-08-24
C01808,Danielle Wilson,United Kingdom,2024-08-26
C01809,Jessica Bray-Kirby,United Kingdom,2024-10-15
C01810,Jonathan Ellis,France,2024-05-09
C01811,Angela Bryant,United Kingdom,2024-08-09
C01812,Martin Wade,Netherlands,2025-06-22
C01813,Katherine Allen,France,2024-03-31
C01814,Sheila Gallagher-Moore,United Kingdom,2024-12-08
C01815,Sam Stewart,United Kingdom,2024-01-27
C01816,Dr Kayleigh Simpson,Netherlands,2024-04-24
C01817,Helen Wall-Gibbons,United Kingdom,2025-02-18
C01818,Mr Bernard Murray,United Kingdom,2025-01-22
C01819,Teresa Simpson,France,2024-05-01
C01820,Jay Harris,United Kingdom,2024-09-14
C01821,Jemma King-Roberts,United Kingdom,2025-11-26
C01822,Leslie Conway,United Kingdom,2025-07-19
C01823,Michael Khan,Ireland,2025-07-22
C01824,Natasha Jennings,Netherlands,2025-03-03
C01825,Mr Francis Evans,France,2025-04-24
C01826,Katy Hart,United Kingdom,2024-09-10
C01827,Jamie Porter,France,2025-03-29
C01828,Sandra Brown-Powell,United Kingdom,2025-08-18
C01829,Albert Andrews,France,2024-12-11
C01830,Ms Grace Stephens,Netherlands,2025-02-01
C01831,Matthew Walker,United Kingdom,2025-04-14
C01832,Ms Shirley Charlton,United Kingdom,2024-10-07
C01833,Jean Ward,Netherlands,2024-10-16
C01834,Leonard Nicholson,Netherlands,2024-08-27
C01835,Gavin Roberts,France,2025-07-19
C01836,Kirsty Briggs,France,2024-08-12
C01837,Francesca Anderson,United Kingdom,2024-11-17
C01838,Kathleen Jones,United Kingdom,2024-04-21
C01839,Mohammed Collins,United Kingdom,2025-11-04
C01840,Dr Samuel Bailey,Netherlands,2025-04-03
C01841,Lynne Jarvis-Hall,United Kingdom,2025-05-11
C01842,Mr Oliver Skinner,Netherlands,2025-03-17
C01843,Julia Hughes-West,United Kingdom,2024-10-23
C01844,Dr Louis Moore,United Kingdom,2024-08-22
C01845,Laura James,Netherlands,2024-12-25
C01846,Leanne Andrews-Lee,Germany,2024-04-29
C01847,Jill King,United Kingdom,2025-01-02
C01848,Ms Grace Walker,United Kingdom,2024-08-11
C01849,Lauren Baldwin,United Kingdom,2025-05-15
C01850,Joshua Anderson,United Kingdom,2024-08-03
C01851,Cameron Armstrong,United Kingdom,2024-10-07
C01852,Aimee Vincent-Simpson,United Kingdom,2025-11-05
C01853,Joanna Lewis,Unknown,2025-09-27
C01854,Danielle Humphries,Ireland,2025-03-22
C01855,Katherine Hall,Germany,2024-02-15
C01856,Eleanor Humphries,United Kingdom,2025-06-22
C01857,Dr Ellie Walker,Ireland,2024-07-30
C01858,Donna Harris,United Kingdom,2024-10-03
C01859,Molly O'Connor,Germany,2025-05-11
C01860,Sophie Anderson,France,2025-05-02
C01861,Shaun Carr,Unknown,2024-05-09
C01862,Dr Barry Vincent,United Kingdom,2025-10-04
C01863,Mrs Brenda Jackson,United Kingdom,2025-06-18
C01864,Linda Khan,United Kingdom,2025-10-01
C01865,Dr Chelsea Cook,United Kingdom,2024-08-06
C01866,Jane Lloyd,United Kingdom,2025-12-08
C01867,Barbara James,United Kingdom,2025-01-25
C01868,Leigh Holden,United Kingdom,2025-03-09
C01869,Mr Gavin Hall,United Kingdom,2025-02-12
C01870,Emily Bennett,United Kingdom,2024-02-29
C01871,Miss Beth Evans,Ireland,2025-01-07
C01872,Joel Norris,Netherlands,2025-09-26
C01873,Carolyn Rogers,United Kingdom,2024-09-22
C01874,Mr Jamie Clarke,Ireland,2025-08-01
C01875,Beth Wilson,United Kingdom,2025-06-23
C01876,Emily Robinson,United Kingdom,2024-04-07
C01877,William Hamilton-Russell,United Kingdom,2024-11-25
C01878,Mrs Sandra Dean,United Kingdom,2025-08-11
C01879,Douglas Wright,United Kingdom,2025-09-07
C01880,Hayley Thomas,United Kingdom,2024-12-30
C01881,Christopher Mitchell,United Kingdom,2024-08-22
C01882,Sylvia Martin,United Kingdom,2025-08-30
C01883,Lucy Davies,France,2025-11-30
C01884,Anne Baker,Ireland,2024-01-23
C01885,Clive Parsons,United Kingdom,2024-08-03
C01886,Stewart Smith,United Kingdom,2025-10-26
C01887,Carol Perry,France,2025-03-18
C01888,Jasmine Brennan,United Kingdom,2025-08-15
C01889,Chloe Poole-Powell,United Kingdom,2024-05-28
C01890,Bethany Wall,United Kingdom,2025-07-17
C01891,Frank Owen-Wright,United Kingdom,2025-10-23
C01892,Alexander Farrell,United Kingdom,2024-12-07
C01893,Dr Bethany Lewis,Ireland,2024-10-02
C01894,Sally Harvey,United Kingdom,2024-11-12
C01895,Joseph Hughes,United Kingdom,2024-03-26
C01896,Gareth Randall-Thomas,United Kingdom,2024-10-07
C01897,Kevin Cooper,United Kingdom,2024-09-11
C01898,Dean Holmes,United Kingdom,2024-12-20
C01899,Nathan Naylor,United Kingdom,2025-10-15
C01900,Dr Neil Baxter,United Kingdom,2024-08-13
C01901,Dr Declan Owen,United Kingdom,2025-11-25
C01902,Duncan Davies,Ireland,2024-01-10
C01903,Elliot Slater,France,2024-11-03
C01904,Rachel Byrne,United Kingdom,2024-03-07
C01905,Lee Cox,United Kingdom,2025-06-23
C01906,Charlotte Evans,Ireland,2025-11-24
C01907,Ms Hilary Watts,United Kingdom,2024-06-03
C01908,Megan Bull,United Kingdom,2024-11-10
C01909,Bradley Miller,United Kingdom,2025-07-17
C01910,Bryan Sharpe,United Kingdom,2025-08-17
C01911,Dr Antony Jones,United Kingdom,2025-09-05
C01912,Dr Kathryn White,United Kingdom,2025-04-13
C01913,Alexander Blake,United Kingdom,2025-08-19
C01914,Connor Johnson,United Kingdom,2025-01-15
C01915,Carol Rahman,United Kingdom,2024-04-14
C01916,Rachael Davies,United Kingdom,2025-10-06
C01917,Miss Ann Stokes,United Kingdom,2024-05-19
C01918,Lisa Benson,United Kingdom,2025-04-29
C01919,Dr Donald Lawson,United Kingdom,2025-02-07
C01920,Duncan Lowe,United Kingdom,2025-05-29
C01921,Mrs Christine Scott,Germany,2025-02-25
C01922,Lorraine Power,United Kingdom,2025-11-14
C01923,Dr Fiona Fowler,Unknown,2025-10-24
C01924,Hugh Taylor,United Kingdom,2024-05-17
C01925,Jake Hughes-Macdonald,United Kingdom,2024-08-23
C01926,Dr Victoria Pearce,United Kingdom,2025-07-09
C01927,Martyn Richardson,Germany,2025-01-16
C01928,Frank Moore,Ireland,2025-03-20
C01929,Matthew Dickinson,United Kingdom,2024-05-01
C01930,Roy Richards,Germany,2025-01-19
C01931,Dr Shaun Long,Ireland,2024-09-30
C01932,Samantha Smart,United Kingdom,2025-04-03
C01933,Mr Terry Cook,United Kingdom,2024-09-27
C01934,Miss Eleanor Ali,United Kingdom,2024-03-16
C01935,Adrian Smith,United Kingdom,2024-02-13
C01936,Naomi Cunningham-Holmes,Netherlands,2025-05-18
C01937,Amy Haynes-Brown,Netherlands,2025-11-05
C01938,Fiona Moss,United Kingdom,2024-09-10
C01939,Douglas Hutchinson,Netherlands,2024-11-24
C01940,Geraldine Jones,United Kingdom,2024-07-26
C01941,Dr Jemma Black,United Kingdom,2024-01-18
C01942,Grace Spencer,Ireland,2025-03-20
C01943,Judith Hughes,Ireland,2025-06-08
C01944,Dr Jake Richards,Netherlands,2025-09-22
C01945,Ms Rachael Woods,United Kingdom,2024-10-09
C01946,Sara Stevens,United Kingdom,2025-09-03
C01947,Leanne Turner,Netherlands,2024-07-24
C01948,Mr Graeme Reid,United Kingdom,2024-11-08
C01949,Gregory Green-Holt,France,2024-03-12
C01950,Arthur Jones,France,2024-02-22
C01951,Mrs Gail West,United Kingdom,2024-06-11
C01952,Dr Robin Adams,United Kingdom,2025-01-26
C01953,Lynne Ahmed,United Kingdom,2024-08-31
C01954,Julian Davies,United Kingdom,2025-04-30
C01955,Julie Johnson,United Kingdom,2025-03-01
C01956,Mr Gerard Morley,United Kingdom,2025-02-04
C01957,Dr Aaron Cross,United Kingdom,2025-05-28
C01958,Dr Lawrence Wood,United Kingdom,2025-02-17
C01959,Oliver Hargreaves,United Kingdom,2024-02-16
C01960,Sharon Morris,Ireland,2024-04-24
C01961,Marion Craig-Taylor,United Kingdom,2025-08-17
C01962,Ellie Martin,United Kingdom,2025-12-08
C01963,Dawn Willis-Smith,United Kingdom,2024-11-16
C01964,Nicole Smith,United Kingdom,2025-04-11
C01965,Lauren Smith,United Kingdom,2024-04-26
C01966,Kate Jones-Chambers,United Kingdom,2025-10-04
C01967,Jack Howell,United Kingdom,2024-11-23
C01968,Lauren Smith,Germany,2024-07-30
C01969,Lydia Walton-Berry,United Kingdom,2025-09-16
C01970,Norman Gill-Hartley,United Kingdom,2024-02-02
C01971,Sally Foster,United Kingdom,2025-11-27
C01972,Yvonne Wheeler,Netherlands,2025-11-04
C01973,Jordan Frost,Ireland,2025-06-05
C01974,Brian Smith-Tyler,United Kingdom,2025-10-14
C01975,Amber Adams,Germany,2025-01-23
C01976,Dr Frederick Young,United Kingdom,2025-03-26
C01977,Benjamin Griffin,Ireland,2024-07-03
C01978,Dr Elaine Hudson,France,2024-08-31
C01979,Michelle Jarvis,United Kingdom,2024-06-18
C01980,Dennis Smith,United Kingdom,2024-08-01
C01981,Grace Ashton,United Kingdom,2025-04-02
C01982,Katherine Kaur,Unknown,2025-06-27
C01983,Harry Robson,United Kingdom,2025-01-03
C01984,Mr Jeremy Jones,Ireland,2025-11-14
C01985,Dr Mark Berry,United Kingdom,2024-10-12
C01986,Andrew Gray,Ireland,2025-12-04
C01987,Mr Leigh Bell,United Kingdom,2025-05-29
C01988,Hayley Fisher,United Kingdom,2025-06-05
C01989,Bruce Evans,United Kingdom,2024-08-28
C01990,Benjamin Wilkinson,France,2025-09-22
C01991,Dr Gordon Bailey,United Kingdom,2024-07-02
C01992,Kathleen Green-West,United Kingdom,2024-11-01
C01993,Kelly Taylor-Walsh,United Kingdom,2024-07-01
C01994,Sam Shaw,Germany,2024-12-06
C01995,Dennis Pearson,Ireland,2025-08-18
C01996,Mr Duncan Jones,United Kingdom,2024-07-31
C01997,Dr Phillip Hawkins,United Kingdom,2024-11-16
C01998,Amanda Harrison,United Kingdom,2025-09-29
C01999,Stacey Burton,United Kingdom,2025-01-28
C02000,Dr Julian Booth,United Kingdom,2025-07-20
